Any,Codi_Districte,Nom_Districte,Codi_Barri,Nom_Barri,Seccio_Censal,Import_Euros 
2018,1,Ciutat Vella,1,el Raval,1,10366
2018,1,Ciutat Vella,1,el Raval,2,8127
2018,1,Ciutat Vella,1,el Raval,3,8406
2018,1,Ciutat Vella,1,el Raval,4,10736
2018,1,Ciutat Vella,1,el Raval,5,8677
2018,1,Ciutat Vella,1,el Raval,6,10339
2018,1,Ciutat Vella,1,el Raval,7,9195
2018,1,Ciutat Vella,1,el Raval,8,7220
2018,1,Ciutat Vella,1,el Raval,9,8883
2018,1,Ciutat Vella,1,el Raval,10,7815
2018,1,Ciutat Vella,1,el Raval,11,7660
2018,1,Ciutat Vella,1,el Raval,12,9603
2018,1,Ciutat Vella,1,el Raval,13,10360
2018,1,Ciutat Vella,1,el Raval,14,9234
2018,1,Ciutat Vella,1,el Raval,15,9195
2018,1,Ciutat Vella,1,el Raval,16,8934
2018,1,Ciutat Vella,1,el Raval,17,8727
2018,1,Ciutat Vella,1,el Raval,18,9213
2018,1,Ciutat Vella,1,el Raval,19,8906
2018,1,Ciutat Vella,1,el Raval,20,13962
2018,1,Ciutat Vella,1,el Raval,21,13824
2018,1,Ciutat Vella,2,el Gòtic,22,16811
2018,1,Ciutat Vella,2,el Gòtic,23,13650
2018,1,Ciutat Vella,2,el Gòtic,25,13351
2018,1,Ciutat Vella,2,el Gòtic,26,11125
2018,1,Ciutat Vella,2,el Gòtic,27,11634
2018,1,Ciutat Vella,2,el Gòtic,28,12015
2018,1,Ciutat Vella,2,el Gòtic,29,10690
2018,1,Ciutat Vella,2,el Gòtic,30,10354
2018,1,Ciutat Vella,2,el Gòtic,31,11953
2018,1,Ciutat Vella,3,la Barceloneta,32,13237
2018,1,Ciutat Vella,3,la Barceloneta,33,10773
2018,1,Ciutat Vella,3,la Barceloneta,34,11653
2018,1,Ciutat Vella,3,la Barceloneta,35,11397
2018,1,Ciutat Vella,3,la Barceloneta,36,12161
2018,1,Ciutat Vella,3,la Barceloneta,37,11938
2018,1,Ciutat Vella,3,la Barceloneta,38,11287
2018,1,Ciutat Vella,3,la Barceloneta,39,12579
2018,1,Ciutat Vella,3,la Barceloneta,40,13150
2018,1,Ciutat Vella,3,la Barceloneta,41,10891
2018,1,Ciutat Vella,3,la Barceloneta,42,12567
2018,1,Ciutat Vella,4,"Sant Pere, Santa Caterina i la Ribera",43,17001
2018,1,Ciutat Vella,4,"Sant Pere, Santa Caterina i la Ribera",44,15750
2018,1,Ciutat Vella,4,"Sant Pere, Santa Caterina i la Ribera",45,12787
2018,1,Ciutat Vella,4,"Sant Pere, Santa Caterina i la Ribera",46,14038
2018,1,Ciutat Vella,4,"Sant Pere, Santa Caterina i la Ribera",47,11262
2018,1,Ciutat Vella,4,"Sant Pere, Santa Caterina i la Ribera",48,9936
2018,1,Ciutat Vella,4,"Sant Pere, Santa Caterina i la Ribera",49,12515
2018,1,Ciutat Vella,4,"Sant Pere, Santa Caterina i la Ribera",50,12332
2018,1,Ciutat Vella,4,"Sant Pere, Santa Caterina i la Ribera",51,10130
2018,1,Ciutat Vella,4,"Sant Pere, Santa Caterina i la Ribera",52,17954
2018,1,Ciutat Vella,4,"Sant Pere, Santa Caterina i la Ribera",53,11898
2018,1,Ciutat Vella,4,"Sant Pere, Santa Caterina i la Ribera",54,12564
2018,1,Ciutat Vella,4,"Sant Pere, Santa Caterina i la Ribera",55,14710
2018,2,Eixample,5,el Fort Pienc,1,16275
2018,2,Eixample,5,el Fort Pienc,2,16559
2018,2,Eixample,5,el Fort Pienc,3,18079
2018,2,Eixample,5,el Fort Pienc,4,13934
2018,2,Eixample,5,el Fort Pienc,5,18364
2018,2,Eixample,5,el Fort Pienc,6,18029
2018,2,Eixample,5,el Fort Pienc,7,20326
2018,2,Eixample,5,el Fort Pienc,8,17620
2018,2,Eixample,5,el Fort Pienc,9,17156
2018,2,Eixample,5,el Fort Pienc,10,16282
2018,2,Eixample,5,el Fort Pienc,11,18675
2018,2,Eixample,5,el Fort Pienc,12,14183
2018,2,Eixample,5,el Fort Pienc,13,14893
2018,2,Eixample,5,el Fort Pienc,14,13873
2018,2,Eixample,5,el Fort Pienc,15,14347
2018,2,Eixample,5,el Fort Pienc,16,19301
2018,2,Eixample,5,el Fort Pienc,17,18212
2018,2,Eixample,5,el Fort Pienc,18,19062
2018,2,Eixample,5,el Fort Pienc,19,16733
2018,2,Eixample,5,el Fort Pienc,20,14996
2018,2,Eixample,6,la Sagrada Família,21,16135
2018,2,Eixample,6,la Sagrada Família,22,16664
2018,2,Eixample,6,la Sagrada Família,23,17319
2018,2,Eixample,6,la Sagrada Família,24,14874
2018,2,Eixample,6,la Sagrada Família,25,14738
2018,2,Eixample,6,la Sagrada Família,26,16611
2018,2,Eixample,6,la Sagrada Família,27,17033
2018,2,Eixample,6,la Sagrada Família,28,18284
2018,2,Eixample,6,la Sagrada Família,29,16044
2018,2,Eixample,6,la Sagrada Família,30,12934
2018,2,Eixample,6,la Sagrada Família,31,19106
2018,2,Eixample,6,la Sagrada Família,32,16359
2018,2,Eixample,6,la Sagrada Família,33,16995
2018,2,Eixample,6,la Sagrada Família,34,14430
2018,2,Eixample,6,la Sagrada Família,35,17037
2018,2,Eixample,6,la Sagrada Família,36,18593
2018,2,Eixample,6,la Sagrada Família,37,19131
2018,2,Eixample,6,la Sagrada Família,38,18278
2018,2,Eixample,6,la Sagrada Família,39,16464
2018,2,Eixample,6,la Sagrada Família,40,15009
2018,2,Eixample,6,la Sagrada Família,41,16610
2018,2,Eixample,6,la Sagrada Família,42,19749
2018,2,Eixample,6,la Sagrada Família,43,17870
2018,2,Eixample,6,la Sagrada Família,44,14994
2018,2,Eixample,6,la Sagrada Família,45,17396
2018,2,Eixample,6,la Sagrada Família,46,15257
2018,2,Eixample,6,la Sagrada Família,47,16126
2018,2,Eixample,6,la Sagrada Família,48,15991
2018,2,Eixample,6,la Sagrada Família,49,15112
2018,2,Eixample,6,la Sagrada Família,50,16220
2018,2,Eixample,6,la Sagrada Família,51,15701
2018,2,Eixample,6,la Sagrada Família,52,16705
2018,2,Eixample,6,la Sagrada Família,53,17925
2018,2,Eixample,6,la Sagrada Família,54,17960
2018,2,Eixample,7,la Dreta de l'Eixample,55,17931
2018,2,Eixample,7,la Dreta de l'Eixample,56,18292
2018,2,Eixample,7,la Dreta de l'Eixample,57,22698
2018,2,Eixample,7,la Dreta de l'Eixample,58,20720
2018,2,Eixample,7,la Dreta de l'Eixample,59,21084
2018,2,Eixample,7,la Dreta de l'Eixample,60,18231
2018,2,Eixample,7,la Dreta de l'Eixample,61,17755
2018,2,Eixample,7,la Dreta de l'Eixample,62,21403
2018,2,Eixample,7,la Dreta de l'Eixample,63,25543
2018,2,Eixample,7,la Dreta de l'Eixample,64,22856
2018,2,Eixample,7,la Dreta de l'Eixample,65,20280
2018,2,Eixample,7,la Dreta de l'Eixample,66,19046
2018,2,Eixample,7,la Dreta de l'Eixample,67,16924
2018,2,Eixample,7,la Dreta de l'Eixample,68,17877
2018,2,Eixample,7,la Dreta de l'Eixample,69,18651
2018,2,Eixample,7,la Dreta de l'Eixample,70,19812
2018,2,Eixample,7,la Dreta de l'Eixample,71,22772
2018,2,Eixample,7,la Dreta de l'Eixample,72,24903
2018,2,Eixample,7,la Dreta de l'Eixample,73,22108
2018,2,Eixample,7,la Dreta de l'Eixample,74,22684
2018,2,Eixample,7,la Dreta de l'Eixample,75,19707
2018,2,Eixample,7,la Dreta de l'Eixample,76,23250
2018,2,Eixample,7,la Dreta de l'Eixample,77,21777
2018,2,Eixample,7,la Dreta de l'Eixample,78,23726
2018,2,Eixample,7,la Dreta de l'Eixample,79,24868
2018,2,Eixample,7,la Dreta de l'Eixample,80,25724
2018,2,Eixample,7,la Dreta de l'Eixample,81,24851
2018,2,Eixample,7,la Dreta de l'Eixample,82,22832
2018,2,Eixample,7,la Dreta de l'Eixample,83,30898
2018,2,Eixample,8,l'Antiga Esquerra de l'Eixample,84,21244
2018,2,Eixample,8,l'Antiga Esquerra de l'Eixample,85,20831
2018,2,Eixample,8,l'Antiga Esquerra de l'Eixample,86,22469
2018,2,Eixample,8,l'Antiga Esquerra de l'Eixample,87,20372
2018,2,Eixample,8,l'Antiga Esquerra de l'Eixample,88,21130
2018,2,Eixample,8,l'Antiga Esquerra de l'Eixample,89,20322
2018,2,Eixample,8,l'Antiga Esquerra de l'Eixample,90,17973
2018,2,Eixample,8,l'Antiga Esquerra de l'Eixample,91,20298
2018,2,Eixample,8,l'Antiga Esquerra de l'Eixample,92,18579
2018,2,Eixample,8,l'Antiga Esquerra de l'Eixample,93,19949
2018,2,Eixample,8,l'Antiga Esquerra de l'Eixample,94,19765
2018,2,Eixample,8,l'Antiga Esquerra de l'Eixample,95,19232
2018,2,Eixample,8,l'Antiga Esquerra de l'Eixample,96,17922
2018,2,Eixample,8,l'Antiga Esquerra de l'Eixample,97,17381
2018,2,Eixample,8,l'Antiga Esquerra de l'Eixample,98,18168
2018,2,Eixample,8,l'Antiga Esquerra de l'Eixample,99,19920
2018,2,Eixample,8,l'Antiga Esquerra de l'Eixample,100,19652
2018,2,Eixample,8,l'Antiga Esquerra de l'Eixample,101,18729
2018,2,Eixample,8,l'Antiga Esquerra de l'Eixample,102,22416
2018,2,Eixample,8,l'Antiga Esquerra de l'Eixample,103,16527
2018,2,Eixample,8,l'Antiga Esquerra de l'Eixample,104,21095
2018,2,Eixample,8,l'Antiga Esquerra de l'Eixample,105,16944
2018,2,Eixample,8,l'Antiga Esquerra de l'Eixample,106,21128
2018,2,Eixample,8,l'Antiga Esquerra de l'Eixample,107,22517
2018,2,Eixample,8,l'Antiga Esquerra de l'Eixample,108,24789
2018,2,Eixample,8,l'Antiga Esquerra de l'Eixample,109,24730
2018,2,Eixample,9,la Nova Esquerra de l'Eixample,110,18333
2018,2,Eixample,9,la Nova Esquerra de l'Eixample,111,18979
2018,2,Eixample,9,la Nova Esquerra de l'Eixample,112,22509
2018,2,Eixample,9,la Nova Esquerra de l'Eixample,113,22474
2018,2,Eixample,9,la Nova Esquerra de l'Eixample,114,18723
2018,2,Eixample,9,la Nova Esquerra de l'Eixample,115,16952
2018,2,Eixample,9,la Nova Esquerra de l'Eixample,116,21981
2018,2,Eixample,9,la Nova Esquerra de l'Eixample,117,19702
2018,2,Eixample,9,la Nova Esquerra de l'Eixample,118,21076
2018,2,Eixample,9,la Nova Esquerra de l'Eixample,119,19569
2018,2,Eixample,9,la Nova Esquerra de l'Eixample,120,18269
2018,2,Eixample,9,la Nova Esquerra de l'Eixample,121,19833
2018,2,Eixample,9,la Nova Esquerra de l'Eixample,122,21954
2018,2,Eixample,9,la Nova Esquerra de l'Eixample,123,20102
2018,2,Eixample,9,la Nova Esquerra de l'Eixample,124,20233
2018,2,Eixample,9,la Nova Esquerra de l'Eixample,125,18614
2018,2,Eixample,9,la Nova Esquerra de l'Eixample,126,20251
2018,2,Eixample,9,la Nova Esquerra de l'Eixample,127,17824
2018,2,Eixample,9,la Nova Esquerra de l'Eixample,128,17171
2018,2,Eixample,9,la Nova Esquerra de l'Eixample,129,18359
2018,2,Eixample,9,la Nova Esquerra de l'Eixample,130,26152
2018,2,Eixample,9,la Nova Esquerra de l'Eixample,131,17565
2018,2,Eixample,9,la Nova Esquerra de l'Eixample,132,17365
2018,2,Eixample,9,la Nova Esquerra de l'Eixample,133,18762
2018,2,Eixample,9,la Nova Esquerra de l'Eixample,134,17640
2018,2,Eixample,9,la Nova Esquerra de l'Eixample,135,15383
2018,2,Eixample,9,la Nova Esquerra de l'Eixample,136,19060
2018,2,Eixample,9,la Nova Esquerra de l'Eixample,137,15796
2018,2,Eixample,9,la Nova Esquerra de l'Eixample,138,18727
2018,2,Eixample,9,la Nova Esquerra de l'Eixample,139,16303
2018,2,Eixample,9,la Nova Esquerra de l'Eixample,140,17905
2018,2,Eixample,9,la Nova Esquerra de l'Eixample,141,16608
2018,2,Eixample,9,la Nova Esquerra de l'Eixample,142,15481
2018,2,Eixample,9,la Nova Esquerra de l'Eixample,143,17998
2018,2,Eixample,9,la Nova Esquerra de l'Eixample,144,18194
2018,2,Eixample,9,la Nova Esquerra de l'Eixample,145,17371
2018,2,Eixample,9,la Nova Esquerra de l'Eixample,146,17774
2018,2,Eixample,9,la Nova Esquerra de l'Eixample,147,16302
2018,2,Eixample,9,la Nova Esquerra de l'Eixample,148,18433
2018,2,Eixample,9,la Nova Esquerra de l'Eixample,149,17976
2018,2,Eixample,10,Sant Antoni,150,15742
2018,2,Eixample,10,Sant Antoni,151,16557
2018,2,Eixample,10,Sant Antoni,152,19084
2018,2,Eixample,10,Sant Antoni,153,18000
2018,2,Eixample,10,Sant Antoni,154,14276
2018,2,Eixample,10,Sant Antoni,155,15692
2018,2,Eixample,10,Sant Antoni,156,16846
2018,2,Eixample,10,Sant Antoni,157,14945
2018,2,Eixample,10,Sant Antoni,158,17076
2018,2,Eixample,10,Sant Antoni,159,17110
2018,2,Eixample,10,Sant Antoni,160,18409
2018,2,Eixample,10,Sant Antoni,161,16743
2018,2,Eixample,10,Sant Antoni,162,15181
2018,2,Eixample,10,Sant Antoni,163,17558
2018,2,Eixample,10,Sant Antoni,164,17510
2018,2,Eixample,10,Sant Antoni,165,17060
2018,2,Eixample,10,Sant Antoni,166,15793
2018,2,Eixample,10,Sant Antoni,167,16940
2018,2,Eixample,10,Sant Antoni,168,16843
2018,2,Eixample,10,Sant Antoni,169,15775
2018,2,Eixample,10,Sant Antoni,170,15645
2018,2,Eixample,10,Sant Antoni,171,14511
2018,2,Eixample,10,Sant Antoni,172,14689
2018,2,Eixample,10,Sant Antoni,173,15835
2018,3,Sants-Montjuïc,11,el Poble Sec,1,13704
2018,3,Sants-Montjuïc,11,el Poble Sec,2,12400
2018,3,Sants-Montjuïc,11,el Poble Sec,3,11128
2018,3,Sants-Montjuïc,11,el Poble Sec,4,13848
2018,3,Sants-Montjuïc,11,el Poble Sec,5,12582
2018,3,Sants-Montjuïc,11,el Poble Sec,6,12239
2018,3,Sants-Montjuïc,11,el Poble Sec,7,12109
2018,3,Sants-Montjuïc,11,el Poble Sec,8,12564
2018,3,Sants-Montjuïc,11,el Poble Sec,9,13108
2018,3,Sants-Montjuïc,11,el Poble Sec,10,11926
2018,3,Sants-Montjuïc,11,el Poble Sec,11,9839
2018,3,Sants-Montjuïc,11,el Poble Sec,12,11468
2018,3,Sants-Montjuïc,11,el Poble Sec,13,11485
2018,3,Sants-Montjuïc,11,el Poble Sec,14,10931
2018,3,Sants-Montjuïc,11,el Poble Sec,15,11586
2018,3,Sants-Montjuïc,11,el Poble Sec,16,10657
2018,3,Sants-Montjuïc,11,el Poble Sec,17,10696
2018,3,Sants-Montjuïc,11,el Poble Sec,18,11597
2018,3,Sants-Montjuïc,11,el Poble Sec,19,11614
2018,3,Sants-Montjuïc,11,el Poble Sec,20,14433
2018,3,Sants-Montjuïc,11,el Poble Sec,21,14306
2018,3,Sants-Montjuïc,11,el Poble Sec,22,13251
2018,3,Sants-Montjuïc,11,el Poble Sec,23,11519
2018,3,Sants-Montjuïc,11,el Poble Sec,24,12048
2018,3,Sants-Montjuïc,12,la Marina del Prat Vermell,25,10139
2018,3,Sants-Montjuïc,13,la Marina de Port,26,13888
2018,3,Sants-Montjuïc,13,la Marina de Port,27,13652
2018,3,Sants-Montjuïc,13,la Marina de Port,28,15252
2018,3,Sants-Montjuïc,13,la Marina de Port,29,12058
2018,3,Sants-Montjuïc,13,la Marina de Port,30,13166
2018,3,Sants-Montjuïc,13,la Marina de Port,31,12258
2018,3,Sants-Montjuïc,13,la Marina de Port,32,11278
2018,3,Sants-Montjuïc,13,la Marina de Port,33,9723
2018,3,Sants-Montjuïc,13,la Marina de Port,34,12649
2018,3,Sants-Montjuïc,13,la Marina de Port,35,13188
2018,3,Sants-Montjuïc,13,la Marina de Port,36,14925
2018,3,Sants-Montjuïc,13,la Marina de Port,37,13403
2018,3,Sants-Montjuïc,13,la Marina de Port,38,9765
2018,3,Sants-Montjuïc,13,la Marina de Port,39,9704
2018,3,Sants-Montjuïc,14,la Font de la Guatlla,40,16966
2018,3,Sants-Montjuïc,14,la Font de la Guatlla,41,14015
2018,3,Sants-Montjuïc,14,la Font de la Guatlla,42,13684
2018,3,Sants-Montjuïc,14,la Font de la Guatlla,43,14962
2018,3,Sants-Montjuïc,14,la Font de la Guatlla,44,13158
2018,3,Sants-Montjuïc,14,la Font de la Guatlla,45,14746
2018,3,Sants-Montjuïc,14,la Font de la Guatlla,46,18986
2018,3,Sants-Montjuïc,15,Hostafrancs,47,14040
2018,3,Sants-Montjuïc,15,Hostafrancs,48,17121
2018,3,Sants-Montjuïc,15,Hostafrancs,49,15128
2018,3,Sants-Montjuïc,15,Hostafrancs,50,15490
2018,3,Sants-Montjuïc,15,Hostafrancs,51,12291
2018,3,Sants-Montjuïc,15,Hostafrancs,52,13041
2018,3,Sants-Montjuïc,15,Hostafrancs,53,13222
2018,3,Sants-Montjuïc,15,Hostafrancs,54,15118
2018,3,Sants-Montjuïc,15,Hostafrancs,55,14576
2018,3,Sants-Montjuïc,15,Hostafrancs,56,15234
2018,3,Sants-Montjuïc,16,la Bordeta,57,13961
2018,3,Sants-Montjuïc,16,la Bordeta,58,17982
2018,3,Sants-Montjuïc,16,la Bordeta,59,13236
2018,3,Sants-Montjuïc,16,la Bordeta,60,15862
2018,3,Sants-Montjuïc,16,la Bordeta,61,13388
2018,3,Sants-Montjuïc,16,la Bordeta,62,14639
2018,3,Sants-Montjuïc,16,la Bordeta,63,13376
2018,3,Sants-Montjuïc,16,la Bordeta,64,14843
2018,3,Sants-Montjuïc,16,la Bordeta,65,15220
2018,3,Sants-Montjuïc,16,la Bordeta,66,13933
2018,3,Sants-Montjuïc,16,la Bordeta,67,14647
2018,3,Sants-Montjuïc,16,la Bordeta,68,13441
2018,3,Sants-Montjuïc,16,la Bordeta,69,15483
2018,3,Sants-Montjuïc,17,Sants - Badal,70,12800
2018,3,Sants-Montjuïc,17,Sants - Badal,71,12185
2018,3,Sants-Montjuïc,17,Sants - Badal,72,13393
2018,3,Sants-Montjuïc,17,Sants - Badal,73,15196
2018,3,Sants-Montjuïc,17,Sants - Badal,74,14124
2018,3,Sants-Montjuïc,17,Sants - Badal,75,13625
2018,3,Sants-Montjuïc,17,Sants - Badal,76,12797
2018,3,Sants-Montjuïc,17,Sants - Badal,77,14291
2018,3,Sants-Montjuïc,17,Sants - Badal,78,14216
2018,3,Sants-Montjuïc,17,Sants - Badal,79,12633
2018,3,Sants-Montjuïc,17,Sants - Badal,80,14545
2018,3,Sants-Montjuïc,17,Sants - Badal,81,15084
2018,3,Sants-Montjuïc,17,Sants - Badal,82,16560
2018,3,Sants-Montjuïc,17,Sants - Badal,83,15996
2018,3,Sants-Montjuïc,17,Sants - Badal,84,15924
2018,3,Sants-Montjuïc,17,Sants - Badal,85,15975
2018,3,Sants-Montjuïc,18,Sants,86,19949
2018,3,Sants-Montjuïc,18,Sants,87,18253
2018,3,Sants-Montjuïc,18,Sants,88,15523
2018,3,Sants-Montjuïc,18,Sants,89,17070
2018,3,Sants-Montjuïc,18,Sants,90,18391
2018,3,Sants-Montjuïc,18,Sants,91,16243
2018,3,Sants-Montjuïc,18,Sants,92,16143
2018,3,Sants-Montjuïc,18,Sants,93,16532
2018,3,Sants-Montjuïc,18,Sants,94,17167
2018,3,Sants-Montjuïc,18,Sants,95,15405
2018,3,Sants-Montjuïc,18,Sants,96,14126
2018,3,Sants-Montjuïc,18,Sants,97,11213
2018,3,Sants-Montjuïc,18,Sants,98,13531
2018,3,Sants-Montjuïc,18,Sants,99,14649
2018,3,Sants-Montjuïc,18,Sants,100,14474
2018,3,Sants-Montjuïc,18,Sants,101,15268
2018,3,Sants-Montjuïc,18,Sants,102,14920
2018,3,Sants-Montjuïc,18,Sants,103,15018
2018,3,Sants-Montjuïc,18,Sants,104,14282
2018,3,Sants-Montjuïc,18,Sants,105,13783
2018,3,Sants-Montjuïc,18,Sants,106,14662
2018,3,Sants-Montjuïc,18,Sants,107,16555
2018,3,Sants-Montjuïc,18,Sants,108,15060
2018,3,Sants-Montjuïc,18,Sants,109,15480
2018,3,Sants-Montjuïc,18,Sants,110,15766
2018,3,Sants-Montjuïc,18,Sants,111,15878
2018,3,Sants-Montjuïc,18,Sants,112,18966
2018,3,Sants-Montjuïc,18,Sants,113,21320
2018,3,Sants-Montjuïc,18,Sants,114,19234
2018,3,Sants-Montjuïc,13,la Marina de Port,211,13583
2018,3,Sants-Montjuïc,13,la Marina de Port,212,12394
2018,3,Sants-Montjuïc,13,la Marina de Port,213,10155
2018,4,Les Corts,19,les Corts,1,17818
2018,4,Les Corts,19,les Corts,2,20773
2018,4,Les Corts,19,les Corts,3,19315
2018,4,Les Corts,19,les Corts,4,18989
2018,4,Les Corts,19,les Corts,5,17590
2018,4,Les Corts,19,les Corts,6,18621
2018,4,Les Corts,19,les Corts,7,15853
2018,4,Les Corts,19,les Corts,8,16003
2018,4,Les Corts,19,les Corts,9,18718
2018,4,Les Corts,19,les Corts,10,20598
2018,4,Les Corts,19,les Corts,11,21865
2018,4,Les Corts,19,les Corts,12,19829
2018,4,Les Corts,19,les Corts,13,22565
2018,4,Les Corts,19,les Corts,14,20390
2018,4,Les Corts,19,les Corts,15,20961
2018,4,Les Corts,19,les Corts,16,20294
2018,4,Les Corts,19,les Corts,17,20640
2018,4,Les Corts,19,les Corts,18,21976
2018,4,Les Corts,19,les Corts,19,26337
2018,4,Les Corts,19,les Corts,20,21635
2018,4,Les Corts,19,les Corts,21,24118
2018,4,Les Corts,19,les Corts,22,21604
2018,4,Les Corts,19,les Corts,23,32242
2018,4,Les Corts,19,les Corts,24,31646
2018,4,Les Corts,19,les Corts,25,20024
2018,4,Les Corts,19,les Corts,26,21027
2018,4,Les Corts,19,les Corts,27,21600
2018,4,Les Corts,19,les Corts,28,19439
2018,4,Les Corts,19,les Corts,29,24938
2018,4,Les Corts,19,les Corts,30,22292
2018,4,Les Corts,19,les Corts,31,18838
2018,4,Les Corts,19,les Corts,32,18373
2018,4,Les Corts,19,les Corts,33,18268
2018,4,Les Corts,19,les Corts,34,23168
2018,4,Les Corts,19,les Corts,35,21692
2018,4,Les Corts,20,la Maternitat i Sant Ramon,36,16227
2018,4,Les Corts,20,la Maternitat i Sant Ramon,37,18742
2018,4,Les Corts,20,la Maternitat i Sant Ramon,38,18788
2018,4,Les Corts,20,la Maternitat i Sant Ramon,39,17804
2018,4,Les Corts,20,la Maternitat i Sant Ramon,40,14126
2018,4,Les Corts,20,la Maternitat i Sant Ramon,41,15208
2018,4,Les Corts,20,la Maternitat i Sant Ramon,42,15450
2018,4,Les Corts,20,la Maternitat i Sant Ramon,43,20725
2018,4,Les Corts,20,la Maternitat i Sant Ramon,44,16898
2018,4,Les Corts,20,la Maternitat i Sant Ramon,45,16562
2018,4,Les Corts,20,la Maternitat i Sant Ramon,46,24239
2018,4,Les Corts,20,la Maternitat i Sant Ramon,47,19776
2018,4,Les Corts,20,la Maternitat i Sant Ramon,48,21819
2018,4,Les Corts,20,la Maternitat i Sant Ramon,49,27019
2018,4,Les Corts,21,Pedralbes,50,32242
2018,4,Les Corts,21,Pedralbes,51,21819
2018,4,Les Corts,21,Pedralbes,52,32242
2018,4,Les Corts,21,Pedralbes,53,22557
2018,4,Les Corts,21,Pedralbes,54,27094
2018,4,Les Corts,21,Pedralbes,55,32242
2018,4,Les Corts,21,Pedralbes,56,32242
2018,4,Les Corts,20,la Maternitat i Sant Ramon,84,23135
2018,5,Sarrià-Sant Gervasi,22,"Vallvidrera, el Tibidabo i les Planes",1,13968
2018,5,Sarrià-Sant Gervasi,22,"Vallvidrera, el Tibidabo i les Planes",2,23009
2018,5,Sarrià-Sant Gervasi,22,"Vallvidrera, el Tibidabo i les Planes",3,23310
2018,5,Sarrià-Sant Gervasi,23,Sarrià,4,32242
2018,5,Sarrià-Sant Gervasi,23,Sarrià,5,27965
2018,5,Sarrià-Sant Gervasi,23,Sarrià,6,32242
2018,5,Sarrià-Sant Gervasi,23,Sarrià,7,28731
2018,5,Sarrià-Sant Gervasi,23,Sarrià,8,31711
2018,5,Sarrià-Sant Gervasi,23,Sarrià,9,24114
2018,5,Sarrià-Sant Gervasi,23,Sarrià,10,21697
2018,5,Sarrià-Sant Gervasi,23,Sarrià,11,20820
2018,5,Sarrià-Sant Gervasi,23,Sarrià,12,22293
2018,5,Sarrià-Sant Gervasi,23,Sarrià,13,22996
2018,5,Sarrià-Sant Gervasi,23,Sarrià,14,26162
2018,5,Sarrià-Sant Gervasi,23,Sarrià,15,25875
2018,5,Sarrià-Sant Gervasi,23,Sarrià,16,19260
2018,5,Sarrià-Sant Gervasi,23,Sarrià,17,32242
2018,5,Sarrià-Sant Gervasi,23,Sarrià,18,22166
2018,5,Sarrià-Sant Gervasi,23,Sarrià,19,29743
2018,5,Sarrià-Sant Gervasi,24,les Tres Torres,20,27839
2018,5,Sarrià-Sant Gervasi,24,les Tres Torres,21,32242
2018,5,Sarrià-Sant Gervasi,24,les Tres Torres,22,32242
2018,5,Sarrià-Sant Gervasi,24,les Tres Torres,23,19690
2018,5,Sarrià-Sant Gervasi,24,les Tres Torres,24,32242
2018,5,Sarrià-Sant Gervasi,24,les Tres Torres,25,32242
2018,5,Sarrià-Sant Gervasi,24,les Tres Torres,26,32242
2018,5,Sarrià-Sant Gervasi,24,les Tres Torres,27,32242
2018,5,Sarrià-Sant Gervasi,24,les Tres Torres,28,29225
2018,5,Sarrià-Sant Gervasi,24,les Tres Torres,29,32242
2018,5,Sarrià-Sant Gervasi,24,les Tres Torres,30,32242
2018,5,Sarrià-Sant Gervasi,25,Sant Gervasi - la Bonanova,31,32242
2018,5,Sarrià-Sant Gervasi,25,Sant Gervasi - la Bonanova,32,32242
2018,5,Sarrià-Sant Gervasi,25,Sant Gervasi - la Bonanova,33,29719
2018,5,Sarrià-Sant Gervasi,25,Sant Gervasi - la Bonanova,34,24452
2018,5,Sarrià-Sant Gervasi,25,Sant Gervasi - la Bonanova,35,32242
2018,5,Sarrià-Sant Gervasi,25,Sant Gervasi - la Bonanova,36,32242
2018,5,Sarrià-Sant Gervasi,25,Sant Gervasi - la Bonanova,37,22114
2018,5,Sarrià-Sant Gervasi,25,Sant Gervasi - la Bonanova,38,21185
2018,5,Sarrià-Sant Gervasi,25,Sant Gervasi - la Bonanova,39,28224
2018,5,Sarrià-Sant Gervasi,25,Sant Gervasi - la Bonanova,40,20960
2018,5,Sarrià-Sant Gervasi,25,Sant Gervasi - la Bonanova,41,24044
2018,5,Sarrià-Sant Gervasi,25,Sant Gervasi - la Bonanova,42,20876
2018,5,Sarrià-Sant Gervasi,25,Sant Gervasi - la Bonanova,43,22414
2018,5,Sarrià-Sant Gervasi,25,Sant Gervasi - la Bonanova,44,21508
2018,5,Sarrià-Sant Gervasi,25,Sant Gervasi - la Bonanova,45,24394
2018,5,Sarrià-Sant Gervasi,25,Sant Gervasi - la Bonanova,46,32242
2018,5,Sarrià-Sant Gervasi,25,Sant Gervasi - la Bonanova,47,27872
2018,5,Sarrià-Sant Gervasi,25,Sant Gervasi - la Bonanova,48,26729
2018,5,Sarrià-Sant Gervasi,26,Sant Gervasi - Galvany,49,32242
2018,5,Sarrià-Sant Gervasi,26,Sant Gervasi - Galvany,50,24236
2018,5,Sarrià-Sant Gervasi,26,Sant Gervasi - Galvany,51,28240
2018,5,Sarrià-Sant Gervasi,26,Sant Gervasi - Galvany,52,32242
2018,5,Sarrià-Sant Gervasi,26,Sant Gervasi - Galvany,53,32242
2018,5,Sarrià-Sant Gervasi,26,Sant Gervasi - Galvany,54,32242
2018,5,Sarrià-Sant Gervasi,26,Sant Gervasi - Galvany,55,32242
2018,5,Sarrià-Sant Gervasi,26,Sant Gervasi - Galvany,56,31093
2018,5,Sarrià-Sant Gervasi,26,Sant Gervasi - Galvany,57,32242
2018,5,Sarrià-Sant Gervasi,26,Sant Gervasi - Galvany,58,32242
2018,5,Sarrià-Sant Gervasi,26,Sant Gervasi - Galvany,59,31695
2018,5,Sarrià-Sant Gervasi,26,Sant Gervasi - Galvany,60,32242
2018,5,Sarrià-Sant Gervasi,26,Sant Gervasi - Galvany,61,23484
2018,5,Sarrià-Sant Gervasi,26,Sant Gervasi - Galvany,62,29222
2018,5,Sarrià-Sant Gervasi,26,Sant Gervasi - Galvany,63,27871
2018,5,Sarrià-Sant Gervasi,26,Sant Gervasi - Galvany,64,24455
2018,5,Sarrià-Sant Gervasi,26,Sant Gervasi - Galvany,65,22995
2018,5,Sarrià-Sant Gervasi,26,Sant Gervasi - Galvany,66,32242
2018,5,Sarrià-Sant Gervasi,26,Sant Gervasi - Galvany,67,26384
2018,5,Sarrià-Sant Gervasi,26,Sant Gervasi - Galvany,68,26216
2018,5,Sarrià-Sant Gervasi,26,Sant Gervasi - Galvany,69,23853
2018,5,Sarrià-Sant Gervasi,26,Sant Gervasi - Galvany,70,23040
2018,5,Sarrià-Sant Gervasi,26,Sant Gervasi - Galvany,71,21203
2018,5,Sarrià-Sant Gervasi,26,Sant Gervasi - Galvany,72,23946
2018,5,Sarrià-Sant Gervasi,26,Sant Gervasi - Galvany,73,22330
2018,5,Sarrià-Sant Gervasi,26,Sant Gervasi - Galvany,74,24977
2018,5,Sarrià-Sant Gervasi,26,Sant Gervasi - Galvany,75,24982
2018,5,Sarrià-Sant Gervasi,26,Sant Gervasi - Galvany,76,24374
2018,5,Sarrià-Sant Gervasi,26,Sant Gervasi - Galvany,77,23406
2018,5,Sarrià-Sant Gervasi,26,Sant Gervasi - Galvany,78,23769
2018,5,Sarrià-Sant Gervasi,26,Sant Gervasi - Galvany,79,22187
2018,5,Sarrià-Sant Gervasi,27,el Putget i Farró,80,20640
2018,5,Sarrià-Sant Gervasi,27,el Putget i Farró,81,20809
2018,5,Sarrià-Sant Gervasi,27,el Putget i Farró,82,18478
2018,5,Sarrià-Sant Gervasi,27,el Putget i Farró,83,22158
2018,5,Sarrià-Sant Gervasi,27,el Putget i Farró,84,19897
2018,5,Sarrià-Sant Gervasi,27,el Putget i Farró,85,18257
2018,5,Sarrià-Sant Gervasi,27,el Putget i Farró,86,20128
2018,5,Sarrià-Sant Gervasi,27,el Putget i Farró,87,21044
2018,5,Sarrià-Sant Gervasi,27,el Putget i Farró,88,21098
2018,5,Sarrià-Sant Gervasi,27,el Putget i Farró,89,23412
2018,5,Sarrià-Sant Gervasi,27,el Putget i Farró,90,20077
2018,5,Sarrià-Sant Gervasi,27,el Putget i Farró,91,20490
2018,5,Sarrià-Sant Gervasi,27,el Putget i Farró,92,32242
2018,5,Sarrià-Sant Gervasi,27,el Putget i Farró,93,22960
2018,5,Sarrià-Sant Gervasi,27,el Putget i Farró,94,26612
2018,5,Sarrià-Sant Gervasi,27,el Putget i Farró,95,19104
2018,5,Sarrià-Sant Gervasi,27,el Putget i Farró,96,19015
2018,5,Sarrià-Sant Gervasi,27,el Putget i Farró,97,22159
2018,5,Sarrià-Sant Gervasi,27,el Putget i Farró,98,19473
2018,6,Gràcia,28,Vallcarca i els Penitents,1,16810
2018,6,Gràcia,28,Vallcarca i els Penitents,2,16783
2018,6,Gràcia,28,Vallcarca i els Penitents,3,16215
2018,6,Gràcia,28,Vallcarca i els Penitents,4,17826
2018,6,Gràcia,28,Vallcarca i els Penitents,6,21404
2018,6,Gràcia,28,Vallcarca i els Penitents,7,18805
2018,6,Gràcia,28,Vallcarca i els Penitents,8,17160
2018,6,Gràcia,28,Vallcarca i els Penitents,9,23889
2018,6,Gràcia,28,Vallcarca i els Penitents,10,19529
2018,6,Gràcia,28,Vallcarca i els Penitents,11,21281
2018,6,Gràcia,28,Vallcarca i els Penitents,12,22695
2018,6,Gràcia,29,el Coll,13,16048
2018,6,Gràcia,29,el Coll,14,16123
2018,6,Gràcia,29,el Coll,15,14336
2018,6,Gràcia,29,el Coll,16,13313
2018,6,Gràcia,29,el Coll,17,14132
2018,6,Gràcia,30,la Salut,18,16512
2018,6,Gràcia,30,la Salut,19,16486
2018,6,Gràcia,30,la Salut,20,16938
2018,6,Gràcia,30,la Salut,21,19503
2018,6,Gràcia,30,la Salut,22,17074
2018,6,Gràcia,30,la Salut,23,23460
2018,6,Gràcia,30,la Salut,24,17840
2018,6,Gràcia,30,la Salut,25,18620
2018,6,Gràcia,30,la Salut,26,18188
2018,6,Gràcia,30,la Salut,27,18492
2018,6,Gràcia,31,Vila de Gràcia,28,16469
2018,6,Gràcia,31,Vila de Gràcia,29,17256
2018,6,Gràcia,31,Vila de Gràcia,30,16499
2018,6,Gràcia,31,Vila de Gràcia,31,17554
2018,6,Gràcia,31,Vila de Gràcia,32,15954
2018,6,Gràcia,31,Vila de Gràcia,33,17421
2018,6,Gràcia,31,Vila de Gràcia,34,17105
2018,6,Gràcia,31,Vila de Gràcia,35,21674
2018,6,Gràcia,31,Vila de Gràcia,36,19751
2018,6,Gràcia,31,Vila de Gràcia,37,17381
2018,6,Gràcia,31,Vila de Gràcia,38,17939
2018,6,Gràcia,31,Vila de Gràcia,39,16077
2018,6,Gràcia,31,Vila de Gràcia,40,18614
2018,6,Gràcia,31,Vila de Gràcia,41,19015
2018,6,Gràcia,31,Vila de Gràcia,42,20397
2018,6,Gràcia,31,Vila de Gràcia,43,19068
2018,6,Gràcia,31,Vila de Gràcia,44,22251
2018,6,Gràcia,31,Vila de Gràcia,45,17162
2018,6,Gràcia,31,Vila de Gràcia,46,15818
2018,6,Gràcia,31,Vila de Gràcia,47,15522
2018,6,Gràcia,31,Vila de Gràcia,48,15696
2018,6,Gràcia,31,Vila de Gràcia,49,16889
2018,6,Gràcia,31,Vila de Gràcia,50,14713
2018,6,Gràcia,31,Vila de Gràcia,51,16604
2018,6,Gràcia,31,Vila de Gràcia,52,15817
2018,6,Gràcia,31,Vila de Gràcia,53,17241
2018,6,Gràcia,31,Vila de Gràcia,54,15391
2018,6,Gràcia,31,Vila de Gràcia,55,16639
2018,6,Gràcia,31,Vila de Gràcia,56,15395
2018,6,Gràcia,31,Vila de Gràcia,57,16290
2018,6,Gràcia,31,Vila de Gràcia,58,16932
2018,6,Gràcia,31,Vila de Gràcia,59,16732
2018,6,Gràcia,31,Vila de Gràcia,60,15534
2018,6,Gràcia,31,Vila de Gràcia,61,16833
2018,6,Gràcia,31,Vila de Gràcia,62,16129
2018,6,Gràcia,31,Vila de Gràcia,63,15785
2018,6,Gràcia,32,el Camp d'en Grassot i Gràcia Nova,64,17990
2018,6,Gràcia,32,el Camp d'en Grassot i Gràcia Nova,65,19061
2018,6,Gràcia,32,el Camp d'en Grassot i Gràcia Nova,66,16711
2018,6,Gràcia,32,el Camp d'en Grassot i Gràcia Nova,67,17407
2018,6,Gràcia,32,el Camp d'en Grassot i Gràcia Nova,68,19053
2018,6,Gràcia,32,el Camp d'en Grassot i Gràcia Nova,69,18869
2018,6,Gràcia,32,el Camp d'en Grassot i Gràcia Nova,70,16896
2018,6,Gràcia,32,el Camp d'en Grassot i Gràcia Nova,71,17287
2018,6,Gràcia,32,el Camp d'en Grassot i Gràcia Nova,72,18941
2018,6,Gràcia,32,el Camp d'en Grassot i Gràcia Nova,73,17874
2018,6,Gràcia,32,el Camp d'en Grassot i Gràcia Nova,74,16445
2018,6,Gràcia,32,el Camp d'en Grassot i Gràcia Nova,75,19251
2018,6,Gràcia,32,el Camp d'en Grassot i Gràcia Nova,76,18594
2018,6,Gràcia,32,el Camp d'en Grassot i Gràcia Nova,77,16843
2018,6,Gràcia,32,el Camp d'en Grassot i Gràcia Nova,78,15827
2018,6,Gràcia,32,el Camp d'en Grassot i Gràcia Nova,79,17952
2018,6,Gràcia,32,el Camp d'en Grassot i Gràcia Nova,80,16994
2018,6,Gràcia,32,el Camp d'en Grassot i Gràcia Nova,81,17026
2018,6,Gràcia,32,el Camp d'en Grassot i Gràcia Nova,82,18158
2018,6,Gràcia,32,el Camp d'en Grassot i Gràcia Nova,83,19577
2018,6,Gràcia,32,el Camp d'en Grassot i Gràcia Nova,84,17293
2018,6,Gràcia,32,el Camp d'en Grassot i Gràcia Nova,85,18238
2018,6,Gràcia,32,el Camp d'en Grassot i Gràcia Nova,86,22082
2018,6,Gràcia,32,el Camp d'en Grassot i Gràcia Nova,87,21462
2018,6,Gràcia,32,el Camp d'en Grassot i Gràcia Nova,88,18097
2018,7,Horta-Guinardó,33,el Baix Guinardó,1,17854
2018,7,Horta-Guinardó,33,el Baix Guinardó,2,15412
2018,7,Horta-Guinardó,33,el Baix Guinardó,3,16114
2018,7,Horta-Guinardó,33,el Baix Guinardó,4,15352
2018,7,Horta-Guinardó,33,el Baix Guinardó,5,15309
2018,7,Horta-Guinardó,33,el Baix Guinardó,6,17371
2018,7,Horta-Guinardó,33,el Baix Guinardó,7,14886
2018,7,Horta-Guinardó,33,el Baix Guinardó,8,16686
2018,7,Horta-Guinardó,33,el Baix Guinardó,9,15202
2018,7,Horta-Guinardó,33,el Baix Guinardó,10,16178
2018,7,Horta-Guinardó,33,el Baix Guinardó,11,15971
2018,7,Horta-Guinardó,33,el Baix Guinardó,12,14541
2018,7,Horta-Guinardó,33,el Baix Guinardó,13,17033
2018,7,Horta-Guinardó,33,el Baix Guinardó,14,13427
2018,7,Horta-Guinardó,33,el Baix Guinardó,15,15426
2018,7,Horta-Guinardó,33,el Baix Guinardó,16,16852
2018,7,Horta-Guinardó,33,el Baix Guinardó,17,15457
2018,7,Horta-Guinardó,33,el Baix Guinardó,18,16036
2018,7,Horta-Guinardó,33,el Baix Guinardó,19,16163
2018,7,Horta-Guinardó,34,Can Baró,20,15093
2018,7,Horta-Guinardó,34,Can Baró,21,18277
2018,7,Horta-Guinardó,34,Can Baró,22,14227
2018,7,Horta-Guinardó,34,Can Baró,23,12151
2018,7,Horta-Guinardó,34,Can Baró,24,14405
2018,7,Horta-Guinardó,34,Can Baró,25,13806
2018,7,Horta-Guinardó,34,Can Baró,26,14236
2018,7,Horta-Guinardó,35,el Guinardó,27,13906
2018,7,Horta-Guinardó,35,el Guinardó,28,14448
2018,7,Horta-Guinardó,35,el Guinardó,29,16243
2018,7,Horta-Guinardó,35,el Guinardó,30,13574
2018,7,Horta-Guinardó,35,el Guinardó,31,13220
2018,7,Horta-Guinardó,35,el Guinardó,32,15307
2018,7,Horta-Guinardó,35,el Guinardó,33,15698
2018,7,Horta-Guinardó,35,el Guinardó,34,16573
2018,7,Horta-Guinardó,35,el Guinardó,35,17281
2018,7,Horta-Guinardó,35,el Guinardó,36,18137
2018,7,Horta-Guinardó,35,el Guinardó,37,15335
2018,7,Horta-Guinardó,35,el Guinardó,38,15182
2018,7,Horta-Guinardó,35,el Guinardó,39,15883
2018,7,Horta-Guinardó,35,el Guinardó,40,15531
2018,7,Horta-Guinardó,35,el Guinardó,41,14759
2018,7,Horta-Guinardó,35,el Guinardó,42,15434
2018,7,Horta-Guinardó,35,el Guinardó,43,15241
2018,7,Horta-Guinardó,35,el Guinardó,44,16249
2018,7,Horta-Guinardó,35,el Guinardó,45,14969
2018,7,Horta-Guinardó,35,el Guinardó,46,14805
2018,7,Horta-Guinardó,35,el Guinardó,47,14930
2018,7,Horta-Guinardó,35,el Guinardó,48,15341
2018,7,Horta-Guinardó,35,el Guinardó,49,16106
2018,7,Horta-Guinardó,35,el Guinardó,50,15197
2018,7,Horta-Guinardó,35,el Guinardó,51,14913
2018,7,Horta-Guinardó,36,la Font d'en Fargues,52,16975
2018,7,Horta-Guinardó,36,la Font d'en Fargues,53,16673
2018,7,Horta-Guinardó,36,la Font d'en Fargues,54,19919
2018,7,Horta-Guinardó,36,la Font d'en Fargues,55,21323
2018,7,Horta-Guinardó,36,la Font d'en Fargues,56,16820
2018,7,Horta-Guinardó,36,la Font d'en Fargues,57,16908
2018,7,Horta-Guinardó,36,la Font d'en Fargues,58,16453
2018,7,Horta-Guinardó,37,el Carmel,59,11990
2018,7,Horta-Guinardó,37,el Carmel,60,11374
2018,7,Horta-Guinardó,37,el Carmel,61,12168
2018,7,Horta-Guinardó,37,el Carmel,62,12354
2018,7,Horta-Guinardó,37,el Carmel,63,10884
2018,7,Horta-Guinardó,37,el Carmel,64,11762
2018,7,Horta-Guinardó,37,el Carmel,65,10426
2018,7,Horta-Guinardó,37,el Carmel,66,10407
2018,7,Horta-Guinardó,37,el Carmel,67,10373
2018,7,Horta-Guinardó,37,el Carmel,68,10149
2018,7,Horta-Guinardó,37,el Carmel,69,10858
2018,7,Horta-Guinardó,37,el Carmel,70,10864
2018,7,Horta-Guinardó,37,el Carmel,71,12679
2018,7,Horta-Guinardó,37,el Carmel,72,12070
2018,7,Horta-Guinardó,37,el Carmel,73,11405
2018,7,Horta-Guinardó,37,el Carmel,74,12346
2018,7,Horta-Guinardó,37,el Carmel,75,11663
2018,7,Horta-Guinardó,37,el Carmel,76,11235
2018,7,Horta-Guinardó,37,el Carmel,77,10879
2018,7,Horta-Guinardó,37,el Carmel,78,11429
2018,7,Horta-Guinardó,37,el Carmel,79,11757
2018,7,Horta-Guinardó,37,el Carmel,80,11940
2018,7,Horta-Guinardó,38,la Teixonera,81,12963
2018,7,Horta-Guinardó,38,la Teixonera,82,12220
2018,7,Horta-Guinardó,38,la Teixonera,83,12361
2018,7,Horta-Guinardó,38,la Teixonera,84,12366
2018,7,Horta-Guinardó,38,la Teixonera,85,12824
2018,7,Horta-Guinardó,38,la Teixonera,86,12272
2018,7,Horta-Guinardó,38,la Teixonera,87,12651
2018,7,Horta-Guinardó,38,la Teixonera,88,12426
2018,7,Horta-Guinardó,39,Sant Genís dels Agudells,89,16858
2018,7,Horta-Guinardó,39,Sant Genís dels Agudells,90,12966
2018,7,Horta-Guinardó,39,Sant Genís dels Agudells,91,13318
2018,7,Horta-Guinardó,39,Sant Genís dels Agudells,92,10751
2018,7,Horta-Guinardó,39,Sant Genís dels Agudells,93,13767
2018,7,Horta-Guinardó,40,Montbau,94,14310
2018,7,Horta-Guinardó,40,Montbau,95,14816
2018,7,Horta-Guinardó,40,Montbau,96,13601
2018,7,Horta-Guinardó,40,Montbau,97,15678
2018,7,Horta-Guinardó,41,la Vall d'Hebron,98,19241
2018,7,Horta-Guinardó,41,la Vall d'Hebron,99,17065
2018,7,Horta-Guinardó,41,la Vall d'Hebron,100,15278
2018,7,Horta-Guinardó,41,la Vall d'Hebron,101,15346
2018,7,Horta-Guinardó,42,la Clota,102,14136
2018,7,Horta-Guinardó,43,Horta,103,13719
2018,7,Horta-Guinardó,43,Horta,104,12529
2018,7,Horta-Guinardó,43,Horta,105,15970
2018,7,Horta-Guinardó,43,Horta,106,15329
2018,7,Horta-Guinardó,43,Horta,107,17406
2018,7,Horta-Guinardó,43,Horta,108,15835
2018,7,Horta-Guinardó,43,Horta,109,13344
2018,7,Horta-Guinardó,43,Horta,110,16334
2018,7,Horta-Guinardó,43,Horta,111,18730
2018,7,Horta-Guinardó,43,Horta,112,15608
2018,7,Horta-Guinardó,43,Horta,113,13838
2018,7,Horta-Guinardó,43,Horta,114,16008
2018,7,Horta-Guinardó,43,Horta,115,18571
2018,7,Horta-Guinardó,43,Horta,116,14237
2018,7,Horta-Guinardó,43,Horta,117,16318
2018,7,Horta-Guinardó,43,Horta,118,15229
2018,7,Horta-Guinardó,43,Horta,119,13329
2018,7,Horta-Guinardó,43,Horta,120,13970
2018,7,Horta-Guinardó,43,Horta,121,12897
2018,7,Horta-Guinardó,43,Horta,122,14651
2018,7,Horta-Guinardó,43,Horta,123,14836
2018,8,Nou Barris,44,Vilapicina i la Torre Llobeta,1,14334
2018,8,Nou Barris,44,Vilapicina i la Torre Llobeta,2,15354
2018,8,Nou Barris,44,Vilapicina i la Torre Llobeta,3,13824
2018,8,Nou Barris,44,Vilapicina i la Torre Llobeta,4,13049
2018,8,Nou Barris,44,Vilapicina i la Torre Llobeta,5,14285
2018,8,Nou Barris,44,Vilapicina i la Torre Llobeta,6,14791
2018,8,Nou Barris,44,Vilapicina i la Torre Llobeta,7,15057
2018,8,Nou Barris,44,Vilapicina i la Torre Llobeta,8,15201
2018,8,Nou Barris,44,Vilapicina i la Torre Llobeta,9,13081
2018,8,Nou Barris,44,Vilapicina i la Torre Llobeta,10,15346
2018,8,Nou Barris,44,Vilapicina i la Torre Llobeta,11,16275
2018,8,Nou Barris,44,Vilapicina i la Torre Llobeta,12,14409
2018,8,Nou Barris,44,Vilapicina i la Torre Llobeta,13,14561
2018,8,Nou Barris,44,Vilapicina i la Torre Llobeta,14,12922
2018,8,Nou Barris,44,Vilapicina i la Torre Llobeta,15,12748
2018,8,Nou Barris,44,Vilapicina i la Torre Llobeta,16,13708
2018,8,Nou Barris,44,Vilapicina i la Torre Llobeta,17,15552
2018,8,Nou Barris,44,Vilapicina i la Torre Llobeta,18,14064
2018,8,Nou Barris,44,Vilapicina i la Torre Llobeta,19,12986
2018,8,Nou Barris,45,Porta,20,13888
2018,8,Nou Barris,45,Porta,21,13645
2018,8,Nou Barris,45,Porta,22,14423
2018,8,Nou Barris,45,Porta,23,12257
2018,8,Nou Barris,45,Porta,24,13871
2018,8,Nou Barris,45,Porta,25,11996
2018,8,Nou Barris,45,Porta,26,13653
2018,8,Nou Barris,45,Porta,27,14956
2018,8,Nou Barris,45,Porta,28,12742
2018,8,Nou Barris,45,Porta,29,11666
2018,8,Nou Barris,45,Porta,30,11738
2018,8,Nou Barris,45,Porta,31,13238
2018,8,Nou Barris,45,Porta,32,13277
2018,8,Nou Barris,45,Porta,33,12256
2018,8,Nou Barris,45,Porta,34,11015
2018,8,Nou Barris,45,Porta,35,12980
2018,8,Nou Barris,45,Porta,36,10741
2018,8,Nou Barris,45,Porta,37,12459
2018,8,Nou Barris,46,el Turó de la Peira,38,11543
2018,8,Nou Barris,46,el Turó de la Peira,39,12161
2018,8,Nou Barris,46,el Turó de la Peira,40,9368
2018,8,Nou Barris,46,el Turó de la Peira,41,8546
2018,8,Nou Barris,46,el Turó de la Peira,42,13857
2018,8,Nou Barris,46,el Turó de la Peira,43,12269
2018,8,Nou Barris,46,el Turó de la Peira,44,10556
2018,8,Nou Barris,46,el Turó de la Peira,45,10065
2018,8,Nou Barris,46,el Turó de la Peira,46,11540
2018,8,Nou Barris,46,el Turó de la Peira,47,9304
2018,8,Nou Barris,47,Can Peguera,48,8924
2018,8,Nou Barris,47,Can Peguera,49,10937
2018,8,Nou Barris,48,la Guineueta,50,15754
2018,8,Nou Barris,48,la Guineueta,51,14654
2018,8,Nou Barris,48,la Guineueta,52,13774
2018,8,Nou Barris,48,la Guineueta,53,15855
2018,8,Nou Barris,48,la Guineueta,54,13889
2018,8,Nou Barris,48,la Guineueta,55,18408
2018,8,Nou Barris,48,la Guineueta,56,13019
2018,8,Nou Barris,48,la Guineueta,57,13073
2018,8,Nou Barris,48,la Guineueta,58,11645
2018,8,Nou Barris,48,la Guineueta,59,12941
2018,8,Nou Barris,49,Canyelles,60,14210
2018,8,Nou Barris,49,Canyelles,61,12464
2018,8,Nou Barris,49,Canyelles,62,13607
2018,8,Nou Barris,49,Canyelles,63,15996
2018,8,Nou Barris,49,Canyelles,64,11705
2018,8,Nou Barris,50,les Roquetes,65,9206
2018,8,Nou Barris,50,les Roquetes,66,8710
2018,8,Nou Barris,50,les Roquetes,67,10676
2018,8,Nou Barris,50,les Roquetes,68,9338
2018,8,Nou Barris,50,les Roquetes,69,9879
2018,8,Nou Barris,50,les Roquetes,70,9141
2018,8,Nou Barris,50,les Roquetes,71,10339
2018,8,Nou Barris,50,les Roquetes,72,11521
2018,8,Nou Barris,50,les Roquetes,73,9241
2018,8,Nou Barris,50,les Roquetes,74,9337
2018,8,Nou Barris,51,Verdun,75,11519
2018,8,Nou Barris,51,Verdun,76,11841
2018,8,Nou Barris,51,Verdun,77,9314
2018,8,Nou Barris,51,Verdun,78,10162
2018,8,Nou Barris,51,Verdun,79,10076
2018,8,Nou Barris,51,Verdun,80,11053
2018,8,Nou Barris,51,Verdun,81,9369
2018,8,Nou Barris,51,Verdun,82,11013
2018,8,Nou Barris,52,la Prosperitat,83,11479
2018,8,Nou Barris,52,la Prosperitat,84,11801
2018,8,Nou Barris,52,la Prosperitat,85,10972
2018,8,Nou Barris,52,la Prosperitat,86,11757
2018,8,Nou Barris,52,la Prosperitat,87,11682
2018,8,Nou Barris,52,la Prosperitat,88,10747
2018,8,Nou Barris,52,la Prosperitat,89,11280
2018,8,Nou Barris,52,la Prosperitat,90,12292
2018,8,Nou Barris,52,la Prosperitat,91,12000
2018,8,Nou Barris,52,la Prosperitat,92,12846
2018,8,Nou Barris,52,la Prosperitat,93,11168
2018,8,Nou Barris,52,la Prosperitat,94,12218
2018,8,Nou Barris,52,la Prosperitat,95,14906
2018,8,Nou Barris,52,la Prosperitat,96,11746
2018,8,Nou Barris,52,la Prosperitat,97,11565
2018,8,Nou Barris,52,la Prosperitat,98,10695
2018,8,Nou Barris,52,la Prosperitat,99,11679
2018,8,Nou Barris,52,la Prosperitat,100,11526
2018,8,Nou Barris,52,la Prosperitat,101,12011
2018,8,Nou Barris,52,la Prosperitat,102,10393
2018,8,Nou Barris,53,la Trinitat Nova,103,8393
2018,8,Nou Barris,53,la Trinitat Nova,104,9450
2018,8,Nou Barris,53,la Trinitat Nova,105,9184
2018,8,Nou Barris,53,la Trinitat Nova,106,8867
2018,8,Nou Barris,53,la Trinitat Nova,107,9583
2018,8,Nou Barris,54,Torre Baró,108,8608
2018,8,Nou Barris,54,Torre Baró,109,8530
2018,8,Nou Barris,55,Ciutat Meridiana,110,7211
2018,8,Nou Barris,55,Ciutat Meridiana,111,8087
2018,8,Nou Barris,55,Ciutat Meridiana,112,8018
2018,8,Nou Barris,55,Ciutat Meridiana,113,8103
2018,8,Nou Barris,55,Ciutat Meridiana,114,8831
2018,8,Nou Barris,55,Ciutat Meridiana,115,8511
2018,8,Nou Barris,56,Vallbona,116,9236
2018,8,Nou Barris,48,la Guineueta,215,14647
2018,9,Sant Andreu,57,la Trinitat Vella,1,7489
2018,9,Sant Andreu,57,la Trinitat Vella,2,8392
2018,9,Sant Andreu,57,la Trinitat Vella,3,8802
2018,9,Sant Andreu,57,la Trinitat Vella,4,9509
2018,9,Sant Andreu,57,la Trinitat Vella,5,12229
2018,9,Sant Andreu,58,Baró de Viver,6,9244
2018,9,Sant Andreu,58,Baró de Viver,7,8958
2018,9,Sant Andreu,59,el Bon Pastor,8,17082
2018,9,Sant Andreu,59,el Bon Pastor,9,13011
2018,9,Sant Andreu,59,el Bon Pastor,10,11537
2018,9,Sant Andreu,59,el Bon Pastor,11,10389
2018,9,Sant Andreu,59,el Bon Pastor,13,8845
2018,9,Sant Andreu,59,el Bon Pastor,14,10039
2018,9,Sant Andreu,59,el Bon Pastor,15,10193
2018,9,Sant Andreu,60,Sant Andreu,16,15285
2018,9,Sant Andreu,60,Sant Andreu,17,15102
2018,9,Sant Andreu,60,Sant Andreu,18,14413
2018,9,Sant Andreu,60,Sant Andreu,19,16689
2018,9,Sant Andreu,60,Sant Andreu,20,15787
2018,9,Sant Andreu,60,Sant Andreu,21,17449
2018,9,Sant Andreu,60,Sant Andreu,22,16783
2018,9,Sant Andreu,60,Sant Andreu,23,16278
2018,9,Sant Andreu,60,Sant Andreu,24,15783
2018,9,Sant Andreu,60,Sant Andreu,25,16160
2018,9,Sant Andreu,60,Sant Andreu,26,16486
2018,9,Sant Andreu,60,Sant Andreu,27,17214
2018,9,Sant Andreu,60,Sant Andreu,28,18064
2018,9,Sant Andreu,60,Sant Andreu,29,15275
2018,9,Sant Andreu,60,Sant Andreu,30,16091
2018,9,Sant Andreu,60,Sant Andreu,31,16850
2018,9,Sant Andreu,60,Sant Andreu,32,12358
2018,9,Sant Andreu,60,Sant Andreu,33,14287
2018,9,Sant Andreu,60,Sant Andreu,34,13287
2018,9,Sant Andreu,60,Sant Andreu,35,14529
2018,9,Sant Andreu,60,Sant Andreu,36,15689
2018,9,Sant Andreu,60,Sant Andreu,37,12524
2018,9,Sant Andreu,60,Sant Andreu,38,16086
2018,9,Sant Andreu,60,Sant Andreu,39,15458
2018,9,Sant Andreu,60,Sant Andreu,40,15787
2018,9,Sant Andreu,60,Sant Andreu,41,15297
2018,9,Sant Andreu,60,Sant Andreu,42,16701
2018,9,Sant Andreu,60,Sant Andreu,43,14317
2018,9,Sant Andreu,60,Sant Andreu,44,15456
2018,9,Sant Andreu,60,Sant Andreu,45,15470
2018,9,Sant Andreu,60,Sant Andreu,46,16434
2018,9,Sant Andreu,60,Sant Andreu,47,16990
2018,9,Sant Andreu,60,Sant Andreu,48,15161
2018,9,Sant Andreu,60,Sant Andreu,49,14531
2018,9,Sant Andreu,60,Sant Andreu,50,16666
2018,9,Sant Andreu,60,Sant Andreu,51,16433
2018,9,Sant Andreu,60,Sant Andreu,52,15495
2018,9,Sant Andreu,60,Sant Andreu,53,17458
2018,9,Sant Andreu,60,Sant Andreu,54,16597
2018,9,Sant Andreu,61,la Sagrera,55,13308
2018,9,Sant Andreu,61,la Sagrera,56,15884
2018,9,Sant Andreu,61,la Sagrera,57,13573
2018,9,Sant Andreu,61,la Sagrera,58,15943
2018,9,Sant Andreu,61,la Sagrera,59,14152
2018,9,Sant Andreu,61,la Sagrera,60,15125
2018,9,Sant Andreu,61,la Sagrera,61,16254
2018,9,Sant Andreu,61,la Sagrera,62,13911
2018,9,Sant Andreu,61,la Sagrera,63,16495
2018,9,Sant Andreu,61,la Sagrera,64,15654
2018,9,Sant Andreu,61,la Sagrera,65,14398
2018,9,Sant Andreu,61,la Sagrera,66,16205
2018,9,Sant Andreu,61,la Sagrera,67,13883
2018,9,Sant Andreu,61,la Sagrera,68,15811
2018,9,Sant Andreu,61,la Sagrera,69,15385
2018,9,Sant Andreu,61,la Sagrera,70,11716
2018,9,Sant Andreu,61,la Sagrera,71,13935
2018,9,Sant Andreu,61,la Sagrera,72,11932
2018,9,Sant Andreu,61,la Sagrera,73,14847
2018,9,Sant Andreu,62,el Congrés i els Indians,74,14391
2018,9,Sant Andreu,62,el Congrés i els Indians,75,13820
2018,9,Sant Andreu,62,el Congrés i els Indians,76,14082
2018,9,Sant Andreu,62,el Congrés i els Indians,77,14652
2018,9,Sant Andreu,62,el Congrés i els Indians,78,14373
2018,9,Sant Andreu,62,el Congrés i els Indians,79,15414
2018,9,Sant Andreu,62,el Congrés i els Indians,80,14878
2018,9,Sant Andreu,62,el Congrés i els Indians,81,14811
2018,9,Sant Andreu,62,el Congrés i els Indians,82,14381
2018,9,Sant Andreu,63,Navas,83,14885
2018,9,Sant Andreu,63,Navas,84,16607
2018,9,Sant Andreu,63,Navas,85,14905
2018,9,Sant Andreu,63,Navas,86,14969
2018,9,Sant Andreu,63,Navas,87,16007
2018,9,Sant Andreu,63,Navas,88,14425
2018,9,Sant Andreu,63,Navas,89,14369
2018,9,Sant Andreu,63,Navas,90,14551
2018,9,Sant Andreu,63,Navas,91,14521
2018,9,Sant Andreu,63,Navas,92,14750
2018,9,Sant Andreu,63,Navas,93,15219
2018,9,Sant Andreu,63,Navas,94,15086
2018,9,Sant Andreu,63,Navas,95,14507
2018,9,Sant Andreu,61,la Sagrera,156,14676
2018,10,Sant Martí,64,Camp de l'Arpa del Clot,1,13823
2018,10,Sant Martí,64,Camp de l'Arpa del Clot,2,14320
2018,10,Sant Martí,64,Camp de l'Arpa del Clot,3,14824
2018,10,Sant Martí,64,Camp de l'Arpa del Clot,4,14772
2018,10,Sant Martí,64,Camp de l'Arpa del Clot,5,15639
2018,10,Sant Martí,64,Camp de l'Arpa del Clot,6,15979
2018,10,Sant Martí,64,Camp de l'Arpa del Clot,7,20027
2018,10,Sant Martí,64,Camp de l'Arpa del Clot,8,16710
2018,10,Sant Martí,64,Camp de l'Arpa del Clot,9,16105
2018,10,Sant Martí,64,Camp de l'Arpa del Clot,10,14927
2018,10,Sant Martí,64,Camp de l'Arpa del Clot,11,16673
2018,10,Sant Martí,64,Camp de l'Arpa del Clot,12,16116
2018,10,Sant Martí,64,Camp de l'Arpa del Clot,13,14717
2018,10,Sant Martí,64,Camp de l'Arpa del Clot,14,15308
2018,10,Sant Martí,64,Camp de l'Arpa del Clot,15,16239
2018,10,Sant Martí,64,Camp de l'Arpa del Clot,16,16669
2018,10,Sant Martí,64,Camp de l'Arpa del Clot,17,15176
2018,10,Sant Martí,64,Camp de l'Arpa del Clot,18,14158
2018,10,Sant Martí,64,Camp de l'Arpa del Clot,19,15206
2018,10,Sant Martí,64,Camp de l'Arpa del Clot,20,13748
2018,10,Sant Martí,64,Camp de l'Arpa del Clot,21,13737
2018,10,Sant Martí,64,Camp de l'Arpa del Clot,22,14930
2018,10,Sant Martí,64,Camp de l'Arpa del Clot,23,14342
2018,10,Sant Martí,64,Camp de l'Arpa del Clot,24,15542
2018,10,Sant Martí,64,Camp de l'Arpa del Clot,25,15318
2018,10,Sant Martí,65,el Clot,26,15853
2018,10,Sant Martí,65,el Clot,27,15837
2018,10,Sant Martí,65,el Clot,28,14860
2018,10,Sant Martí,65,el Clot,29,13794
2018,10,Sant Martí,65,el Clot,30,15191
2018,10,Sant Martí,65,el Clot,31,14880
2018,10,Sant Martí,65,el Clot,32,15626
2018,10,Sant Martí,65,el Clot,33,17700
2018,10,Sant Martí,65,el Clot,34,15050
2018,10,Sant Martí,65,el Clot,35,16404
2018,10,Sant Martí,65,el Clot,36,16592
2018,10,Sant Martí,65,el Clot,37,12353
2018,10,Sant Martí,65,el Clot,38,15013
2018,10,Sant Martí,65,el Clot,39,13507
2018,10,Sant Martí,65,el Clot,40,15126
2018,10,Sant Martí,65,el Clot,41,15407
2018,10,Sant Martí,66,el Parc i la Llacuna del Poblenou,42,12924
2018,10,Sant Martí,66,el Parc i la Llacuna del Poblenou,43,13709
2018,10,Sant Martí,66,el Parc i la Llacuna del Poblenou,44,14907
2018,10,Sant Martí,66,el Parc i la Llacuna del Poblenou,45,17744
2018,10,Sant Martí,66,el Parc i la Llacuna del Poblenou,46,18128
2018,10,Sant Martí,66,el Parc i la Llacuna del Poblenou,47,17794
2018,10,Sant Martí,66,el Parc i la Llacuna del Poblenou,48,16922
2018,10,Sant Martí,66,el Parc i la Llacuna del Poblenou,49,14840
2018,10,Sant Martí,66,el Parc i la Llacuna del Poblenou,50,16945
2018,10,Sant Martí,67,la Vila Olímpica del Poblenou,51,18124
2018,10,Sant Martí,67,la Vila Olímpica del Poblenou,52,22314
2018,10,Sant Martí,67,la Vila Olímpica del Poblenou,53,25848
2018,10,Sant Martí,67,la Vila Olímpica del Poblenou,54,22052
2018,10,Sant Martí,67,la Vila Olímpica del Poblenou,55,25162
2018,10,Sant Martí,68,el Poblenou,56,12962
2018,10,Sant Martí,68,el Poblenou,57,14134
2018,10,Sant Martí,68,el Poblenou,58,14059
2018,10,Sant Martí,68,el Poblenou,59,16781
2018,10,Sant Martí,68,el Poblenou,60,13905
2018,10,Sant Martí,68,el Poblenou,61,17455
2018,10,Sant Martí,68,el Poblenou,62,16891
2018,10,Sant Martí,68,el Poblenou,63,16192
2018,10,Sant Martí,68,el Poblenou,64,16373
2018,10,Sant Martí,68,el Poblenou,65,16557
2018,10,Sant Martí,68,el Poblenou,66,16259
2018,10,Sant Martí,68,el Poblenou,67,20632
2018,10,Sant Martí,68,el Poblenou,68,17508
2018,10,Sant Martí,68,el Poblenou,69,17641
2018,10,Sant Martí,68,el Poblenou,70,14533
2018,10,Sant Martí,68,el Poblenou,71,17479
2018,10,Sant Martí,68,el Poblenou,72,14983
2018,10,Sant Martí,68,el Poblenou,73,13900
2018,10,Sant Martí,68,el Poblenou,74,14445
2018,10,Sant Martí,68,el Poblenou,75,13994
2018,10,Sant Martí,69,Diagonal Mar i el Front Marítim del Poblenou,76,17332
2018,10,Sant Martí,69,Diagonal Mar i el Front Marítim del Poblenou,77,19224
2018,10,Sant Martí,69,Diagonal Mar i el Front Marítim del Poblenou,78,19751
2018,10,Sant Martí,69,Diagonal Mar i el Front Marítim del Poblenou,79,17166
2018,10,Sant Martí,69,Diagonal Mar i el Front Marítim del Poblenou,80,23785
2018,10,Sant Martí,70,el Besòs i el Maresme,81,10788
2018,10,Sant Martí,70,el Besòs i el Maresme,82,7109
2018,10,Sant Martí,70,el Besòs i el Maresme,83,6636
2018,10,Sant Martí,70,el Besòs i el Maresme,84,8632
2018,10,Sant Martí,70,el Besòs i el Maresme,85,7955
2018,10,Sant Martí,70,el Besòs i el Maresme,86,9101
2018,10,Sant Martí,70,el Besòs i el Maresme,87,9404
2018,10,Sant Martí,70,el Besòs i el Maresme,88,12543
2018,10,Sant Martí,70,el Besòs i el Maresme,89,9270
2018,10,Sant Martí,70,el Besòs i el Maresme,90,10435
2018,10,Sant Martí,70,el Besòs i el Maresme,91,11670
2018,10,Sant Martí,70,el Besòs i el Maresme,92,14490
2018,10,Sant Martí,70,el Besòs i el Maresme,93,14756
2018,10,Sant Martí,71,Provençals del Poblenou,94,16578
2018,10,Sant Martí,71,Provençals del Poblenou,95,12709
2018,10,Sant Martí,71,Provençals del Poblenou,96,16687
2018,10,Sant Martí,71,Provençals del Poblenou,97,16799
2018,10,Sant Martí,71,Provençals del Poblenou,98,15181
2018,10,Sant Martí,71,Provençals del Poblenou,99,11363
2018,10,Sant Martí,71,Provençals del Poblenou,100,12978
2018,10,Sant Martí,71,Provençals del Poblenou,101,13185
2018,10,Sant Martí,71,Provençals del Poblenou,102,12353
2018,10,Sant Martí,71,Provençals del Poblenou,103,14117
2018,10,Sant Martí,71,Provençals del Poblenou,104,15939
2018,10,Sant Martí,72,Sant Martí de Provençals,105,14032
2018,10,Sant Martí,72,Sant Martí de Provençals,106,14251
2018,10,Sant Martí,72,Sant Martí de Provençals,107,17225
2018,10,Sant Martí,72,Sant Martí de Provençals,108,13651
2018,10,Sant Martí,72,Sant Martí de Provençals,109,13112
2018,10,Sant Martí,72,Sant Martí de Provençals,110,12786
2018,10,Sant Martí,72,Sant Martí de Provençals,111,13800
2018,10,Sant Martí,72,Sant Martí de Provençals,112,17267
2018,10,Sant Martí,72,Sant Martí de Provençals,113,12971
2018,10,Sant Martí,72,Sant Martí de Provençals,114,11679
2018,10,Sant Martí,72,Sant Martí de Provençals,115,12894
2018,10,Sant Martí,72,Sant Martí de Provençals,116,11833
2018,10,Sant Martí,72,Sant Martí de Provençals,117,13182
2018,10,Sant Martí,72,Sant Martí de Provençals,118,16579
2018,10,Sant Martí,72,Sant Martí de Provençals,119,12428
2018,10,Sant Martí,72,Sant Martí de Provençals,120,12938
2018,10,Sant Martí,72,Sant Martí de Provençals,121,12487
2018,10,Sant Martí,72,Sant Martí de Provençals,122,15905
2018,10,Sant Martí,73,la Verneda i la Pau,123,13449
2018,10,Sant Martí,73,la Verneda i la Pau,124,13561
2018,10,Sant Martí,73,la Verneda i la Pau,125,12855
2018,10,Sant Martí,73,la Verneda i la Pau,126,14004
2018,10,Sant Martí,73,la Verneda i la Pau,127,14008
2018,10,Sant Martí,73,la Verneda i la Pau,128,14936
2018,10,Sant Martí,73,la Verneda i la Pau,129,14597
2018,10,Sant Martí,73,la Verneda i la Pau,130,13715
2018,10,Sant Martí,73,la Verneda i la Pau,131,15815
2018,10,Sant Martí,73,la Verneda i la Pau,132,12785
2018,10,Sant Martí,73,la Verneda i la Pau,133,12269
2018,10,Sant Martí,73,la Verneda i la Pau,134,12303
2018,10,Sant Martí,73,la Verneda i la Pau,135,12201
2018,10,Sant Martí,73,la Verneda i la Pau,136,12908
2018,10,Sant Martí,73,la Verneda i la Pau,137,11035
2018,10,Sant Martí,73,la Verneda i la Pau,138,10110
2018,10,Sant Martí,73,la Verneda i la Pau,139,11018
2018,10,Sant Martí,73,la Verneda i la Pau,140,10687
2018,10,Sant Martí,73,la Verneda i la Pau,141,11662
2018,10,Sant Martí,73,la Verneda i la Pau,142,10007
2018,10,Sant Martí,73,la Verneda i la Pau,143,11420
2018,10,Sant Martí,65,el Clot,234,14715
2018,10,Sant Martí,69,Diagonal Mar i el Front Marítim del Poblenou,235,12665
2018,10,Sant Martí,69,Diagonal Mar i el Front Marítim del Poblenou,236,13739
2018,10,Sant Martí,71,Provençals del Poblenou,237,12274
