Any,Codi_Districte,Nom_Districte,Codi_Barri,Nom_Barri,Seccio_Censal,Import_Euros
2020,1,Ciutat Vella,1,el Raval,1,10696
2020,1,Ciutat Vella,1,el Raval,2,8362
2020,1,Ciutat Vella,1,el Raval,3,8531
2020,1,Ciutat Vella,1,el Raval,4,10318
2020,1,Ciutat Vella,1,el Raval,5,9065
2020,1,Ciutat Vella,1,el Raval,6,9669
2020,1,Ciutat Vella,1,el Raval,7,9115
2020,1,Ciutat Vella,1,el Raval,8,7140
2020,1,Ciutat Vella,1,el Raval,9,9540
2020,1,Ciutat Vella,1,el Raval,10,7544
2020,1,Ciutat Vella,1,el Raval,11,7425
2020,1,Ciutat Vella,1,el Raval,12,9767
2020,1,Ciutat Vella,1,el Raval,13,10041
2020,1,Ciutat Vella,1,el Raval,14,9207
2020,1,Ciutat Vella,1,el Raval,15,9528
2020,1,Ciutat Vella,1,el Raval,16,8992
2020,1,Ciutat Vella,1,el Raval,17,8747
2020,1,Ciutat Vella,1,el Raval,18,8946
2020,1,Ciutat Vella,1,el Raval,19,9072
2020,1,Ciutat Vella,1,el Raval,20,13841
2020,1,Ciutat Vella,1,el Raval,21,13416
2020,1,Ciutat Vella,2,el Barri Gòtic,22,16359
2020,1,Ciutat Vella,2,el Barri Gòtic,23,14163
2020,1,Ciutat Vella,2,el Barri Gòtic,25,12653
2020,1,Ciutat Vella,2,el Barri Gòtic,26,13841
2020,1,Ciutat Vella,2,el Barri Gòtic,27,12553
2020,1,Ciutat Vella,2,el Barri Gòtic,28,12141
2020,1,Ciutat Vella,2,el Barri Gòtic,29,9800
2020,1,Ciutat Vella,2,el Barri Gòtic,30,11024
2020,1,Ciutat Vella,2,el Barri Gòtic,31,10549
2020,1,Ciutat Vella,3,la Barceloneta,32,13857
2020,1,Ciutat Vella,3,la Barceloneta,33,11460
2020,1,Ciutat Vella,3,la Barceloneta,34,12156
2020,1,Ciutat Vella,3,la Barceloneta,35,11996
2020,1,Ciutat Vella,3,la Barceloneta,36,13130
2020,1,Ciutat Vella,3,la Barceloneta,37,12306
2020,1,Ciutat Vella,3,la Barceloneta,38,11266
2020,1,Ciutat Vella,3,la Barceloneta,39,12091
2020,1,Ciutat Vella,3,la Barceloneta,40,12974
2020,1,Ciutat Vella,3,la Barceloneta,41,10938
2020,1,Ciutat Vella,3,la Barceloneta,42,12786
2020,1,Ciutat Vella,4,"Sant Pere, Santa Caterina i la Ribera",43,17139
2020,1,Ciutat Vella,4,"Sant Pere, Santa Caterina i la Ribera",44,15882
2020,1,Ciutat Vella,4,"Sant Pere, Santa Caterina i la Ribera",45,13430
2020,1,Ciutat Vella,4,"Sant Pere, Santa Caterina i la Ribera",46,12056
2020,1,Ciutat Vella,4,"Sant Pere, Santa Caterina i la Ribera",47,12522
2020,1,Ciutat Vella,4,"Sant Pere, Santa Caterina i la Ribera",48,9882
2020,1,Ciutat Vella,4,"Sant Pere, Santa Caterina i la Ribera",49,12674
2020,1,Ciutat Vella,4,"Sant Pere, Santa Caterina i la Ribera",50,12542
2020,1,Ciutat Vella,4,"Sant Pere, Santa Caterina i la Ribera",51,10999
2020,1,Ciutat Vella,4,"Sant Pere, Santa Caterina i la Ribera",52,17003
2020,1,Ciutat Vella,4,"Sant Pere, Santa Caterina i la Ribera",53,11767
2020,1,Ciutat Vella,4,"Sant Pere, Santa Caterina i la Ribera",54,12998
2020,1,Ciutat Vella,4,"Sant Pere, Santa Caterina i la Ribera",55,16057
2020,2,L'Eixample,5,el Fort Pienc,1,17239
2020,2,L'Eixample,5,el Fort Pienc,2,17205
2020,2,L'Eixample,5,el Fort Pienc,3,18931
2020,2,L'Eixample,5,el Fort Pienc,4,14587
2020,2,L'Eixample,5,el Fort Pienc,5,18624
2020,2,L'Eixample,5,el Fort Pienc,6,19026
2020,2,L'Eixample,5,el Fort Pienc,7,20370
2020,2,L'Eixample,5,el Fort Pienc,8,19026
2020,2,L'Eixample,5,el Fort Pienc,9,17740
2020,2,L'Eixample,5,el Fort Pienc,10,16882
2020,2,L'Eixample,5,el Fort Pienc,11,17933
2020,2,L'Eixample,5,el Fort Pienc,12,14465
2020,2,L'Eixample,5,el Fort Pienc,13,14990
2020,2,L'Eixample,5,el Fort Pienc,14,14504
2020,2,L'Eixample,5,el Fort Pienc,15,15355
2020,2,L'Eixample,5,el Fort Pienc,16,18550
2020,2,L'Eixample,5,el Fort Pienc,17,18894
2020,2,L'Eixample,5,el Fort Pienc,18,18581
2020,2,L'Eixample,5,el Fort Pienc,19,17073
2020,2,L'Eixample,5,el Fort Pienc,20,15657
2020,2,L'Eixample,6,la Sagrada Família,21,15683
2020,2,L'Eixample,6,la Sagrada Família,22,16546
2020,2,L'Eixample,6,la Sagrada Família,23,17450
2020,2,L'Eixample,6,la Sagrada Família,24,16120
2020,2,L'Eixample,6,la Sagrada Família,25,15506
2020,2,L'Eixample,6,la Sagrada Família,26,16611
2020,2,L'Eixample,6,la Sagrada Família,27,17166
2020,2,L'Eixample,6,la Sagrada Família,28,16917
2020,2,L'Eixample,6,la Sagrada Família,29,17241
2020,2,L'Eixample,6,la Sagrada Família,30,13740
2020,2,L'Eixample,6,la Sagrada Família,31,18816
2020,2,L'Eixample,6,la Sagrada Família,32,18255
2020,2,L'Eixample,6,la Sagrada Família,33,16607
2020,2,L'Eixample,6,la Sagrada Família,34,16065
2020,2,L'Eixample,6,la Sagrada Família,35,18546
2020,2,L'Eixample,6,la Sagrada Família,36,19066
2020,2,L'Eixample,6,la Sagrada Família,37,19862
2020,2,L'Eixample,6,la Sagrada Família,38,18971
2020,2,L'Eixample,6,la Sagrada Família,39,16983
2020,2,L'Eixample,6,la Sagrada Família,40,15196
2020,2,L'Eixample,6,la Sagrada Família,41,16645
2020,2,L'Eixample,6,la Sagrada Família,42,20629
2020,2,L'Eixample,6,la Sagrada Família,43,18004
2020,2,L'Eixample,6,la Sagrada Família,44,15592
2020,2,L'Eixample,6,la Sagrada Família,45,18667
2020,2,L'Eixample,6,la Sagrada Família,46,15759
2020,2,L'Eixample,6,la Sagrada Família,47,16468
2020,2,L'Eixample,6,la Sagrada Família,48,17098
2020,2,L'Eixample,6,la Sagrada Família,49,15323
2020,2,L'Eixample,6,la Sagrada Família,50,16723
2020,2,L'Eixample,6,la Sagrada Família,51,15165
2020,2,L'Eixample,6,la Sagrada Família,52,17415
2020,2,L'Eixample,6,la Sagrada Família,53,18297
2020,2,L'Eixample,6,la Sagrada Família,54,17939
2020,2,L'Eixample,7,la Dreta de l'Eixample,55,18270
2020,2,L'Eixample,7,la Dreta de l'Eixample,56,18596
2020,2,L'Eixample,7,la Dreta de l'Eixample,57,23038
2020,2,L'Eixample,7,la Dreta de l'Eixample,58,21888
2020,2,L'Eixample,7,la Dreta de l'Eixample,59,22301
2020,2,L'Eixample,7,la Dreta de l'Eixample,60,18749
2020,2,L'Eixample,7,la Dreta de l'Eixample,61,17877
2020,2,L'Eixample,7,la Dreta de l'Eixample,62,21303
2020,2,L'Eixample,7,la Dreta de l'Eixample,63,25503
2020,2,L'Eixample,7,la Dreta de l'Eixample,64,24269
2020,2,L'Eixample,7,la Dreta de l'Eixample,65,20141
2020,2,L'Eixample,7,la Dreta de l'Eixample,66,19621
2020,2,L'Eixample,7,la Dreta de l'Eixample,67,17033
2020,2,L'Eixample,7,la Dreta de l'Eixample,68,17826
2020,2,L'Eixample,7,la Dreta de l'Eixample,69,20962
2020,2,L'Eixample,7,la Dreta de l'Eixample,70,21031
2020,2,L'Eixample,7,la Dreta de l'Eixample,71,22054
2020,2,L'Eixample,7,la Dreta de l'Eixample,72,24790
2020,2,L'Eixample,7,la Dreta de l'Eixample,73,21717
2020,2,L'Eixample,7,la Dreta de l'Eixample,74,20999
2020,2,L'Eixample,7,la Dreta de l'Eixample,75,20335
2020,2,L'Eixample,7,la Dreta de l'Eixample,76,23127
2020,2,L'Eixample,7,la Dreta de l'Eixample,77,20402
2020,2,L'Eixample,7,la Dreta de l'Eixample,78,23187
2020,2,L'Eixample,7,la Dreta de l'Eixample,79,26250
2020,2,L'Eixample,7,la Dreta de l'Eixample,80,23429
2020,2,L'Eixample,7,la Dreta de l'Eixample,81,23472
2020,2,L'Eixample,7,la Dreta de l'Eixample,82,23105
2020,2,L'Eixample,7,la Dreta de l'Eixample,83,26396
2020,2,L'Eixample,8,l'Antiga Esquerra de l'Eixample,84,20219
2020,2,L'Eixample,8,l'Antiga Esquerra de l'Eixample,85,21332
2020,2,L'Eixample,8,l'Antiga Esquerra de l'Eixample,86,22886
2020,2,L'Eixample,8,l'Antiga Esquerra de l'Eixample,87,20709
2020,2,L'Eixample,8,l'Antiga Esquerra de l'Eixample,88,22684
2020,2,L'Eixample,8,l'Antiga Esquerra de l'Eixample,89,20570
2020,2,L'Eixample,8,l'Antiga Esquerra de l'Eixample,90,18948
2020,2,L'Eixample,8,l'Antiga Esquerra de l'Eixample,91,19850
2020,2,L'Eixample,8,l'Antiga Esquerra de l'Eixample,92,18722
2020,2,L'Eixample,8,l'Antiga Esquerra de l'Eixample,93,20987
2020,2,L'Eixample,8,l'Antiga Esquerra de l'Eixample,94,19769
2020,2,L'Eixample,8,l'Antiga Esquerra de l'Eixample,95,18893
2020,2,L'Eixample,8,l'Antiga Esquerra de l'Eixample,96,17973
2020,2,L'Eixample,8,l'Antiga Esquerra de l'Eixample,97,17756
2020,2,L'Eixample,8,l'Antiga Esquerra de l'Eixample,98,19047
2020,2,L'Eixample,8,l'Antiga Esquerra de l'Eixample,99,21141
2020,2,L'Eixample,8,l'Antiga Esquerra de l'Eixample,100,20424
2020,2,L'Eixample,8,l'Antiga Esquerra de l'Eixample,101,19138
2020,2,L'Eixample,8,l'Antiga Esquerra de l'Eixample,102,23409
2020,2,L'Eixample,8,l'Antiga Esquerra de l'Eixample,103,17853
2020,2,L'Eixample,8,l'Antiga Esquerra de l'Eixample,104,20963
2020,2,L'Eixample,8,l'Antiga Esquerra de l'Eixample,105,17994
2020,2,L'Eixample,8,l'Antiga Esquerra de l'Eixample,106,21241
2020,2,L'Eixample,8,l'Antiga Esquerra de l'Eixample,107,21921
2020,2,L'Eixample,8,l'Antiga Esquerra de l'Eixample,108,24828
2020,2,L'Eixample,8,l'Antiga Esquerra de l'Eixample,109,24180
2020,2,L'Eixample,9,la Nova Esquerra de l'Eixample,110,18574
2020,2,L'Eixample,9,la Nova Esquerra de l'Eixample,111,19443
2020,2,L'Eixample,9,la Nova Esquerra de l'Eixample,112,24757
2020,2,L'Eixample,9,la Nova Esquerra de l'Eixample,113,22840
2020,2,L'Eixample,9,la Nova Esquerra de l'Eixample,114,19046
2020,2,L'Eixample,9,la Nova Esquerra de l'Eixample,115,17800
2020,2,L'Eixample,9,la Nova Esquerra de l'Eixample,116,23928
2020,2,L'Eixample,9,la Nova Esquerra de l'Eixample,117,19332
2020,2,L'Eixample,9,la Nova Esquerra de l'Eixample,118,20942
2020,2,L'Eixample,9,la Nova Esquerra de l'Eixample,119,20453
2020,2,L'Eixample,9,la Nova Esquerra de l'Eixample,120,18675
2020,2,L'Eixample,9,la Nova Esquerra de l'Eixample,121,19760
2020,2,L'Eixample,9,la Nova Esquerra de l'Eixample,122,21266
2020,2,L'Eixample,9,la Nova Esquerra de l'Eixample,123,19224
2020,2,L'Eixample,9,la Nova Esquerra de l'Eixample,124,21734
2020,2,L'Eixample,9,la Nova Esquerra de l'Eixample,125,19610
2020,2,L'Eixample,9,la Nova Esquerra de l'Eixample,126,20413
2020,2,L'Eixample,9,la Nova Esquerra de l'Eixample,127,18019
2020,2,L'Eixample,9,la Nova Esquerra de l'Eixample,128,17049
2020,2,L'Eixample,9,la Nova Esquerra de l'Eixample,129,19378
2020,2,L'Eixample,9,la Nova Esquerra de l'Eixample,130,25607
2020,2,L'Eixample,9,la Nova Esquerra de l'Eixample,131,18244
2020,2,L'Eixample,9,la Nova Esquerra de l'Eixample,132,20015
2020,2,L'Eixample,9,la Nova Esquerra de l'Eixample,133,19736
2020,2,L'Eixample,9,la Nova Esquerra de l'Eixample,134,17666
2020,2,L'Eixample,9,la Nova Esquerra de l'Eixample,135,16265
2020,2,L'Eixample,9,la Nova Esquerra de l'Eixample,136,19119
2020,2,L'Eixample,9,la Nova Esquerra de l'Eixample,137,16462
2020,2,L'Eixample,9,la Nova Esquerra de l'Eixample,138,19062
2020,2,L'Eixample,9,la Nova Esquerra de l'Eixample,139,17339
2020,2,L'Eixample,9,la Nova Esquerra de l'Eixample,140,18665
2020,2,L'Eixample,9,la Nova Esquerra de l'Eixample,141,17770
2020,2,L'Eixample,9,la Nova Esquerra de l'Eixample,142,15579
2020,2,L'Eixample,9,la Nova Esquerra de l'Eixample,143,17841
2020,2,L'Eixample,9,la Nova Esquerra de l'Eixample,144,19526
2020,2,L'Eixample,9,la Nova Esquerra de l'Eixample,145,18316
2020,2,L'Eixample,9,la Nova Esquerra de l'Eixample,146,18259
2020,2,L'Eixample,9,la Nova Esquerra de l'Eixample,147,17450
2020,2,L'Eixample,9,la Nova Esquerra de l'Eixample,148,18915
2020,2,L'Eixample,9,la Nova Esquerra de l'Eixample,149,17408
2020,2,L'Eixample,10,Sant Antoni,150,16227
2020,2,L'Eixample,10,Sant Antoni,151,17404
2020,2,L'Eixample,10,Sant Antoni,152,19625
2020,2,L'Eixample,10,Sant Antoni,153,18615
2020,2,L'Eixample,10,Sant Antoni,154,14652
2020,2,L'Eixample,10,Sant Antoni,155,15789
2020,2,L'Eixample,10,Sant Antoni,156,17450
2020,2,L'Eixample,10,Sant Antoni,157,16490
2020,2,L'Eixample,10,Sant Antoni,158,17288
2020,2,L'Eixample,10,Sant Antoni,159,18243
2020,2,L'Eixample,10,Sant Antoni,160,18726
2020,2,L'Eixample,10,Sant Antoni,161,16045
2020,2,L'Eixample,10,Sant Antoni,162,16046
2020,2,L'Eixample,10,Sant Antoni,163,18462
2020,2,L'Eixample,10,Sant Antoni,164,17514
2020,2,L'Eixample,10,Sant Antoni,165,17206
2020,2,L'Eixample,10,Sant Antoni,166,16284
2020,2,L'Eixample,10,Sant Antoni,167,17693
2020,2,L'Eixample,10,Sant Antoni,168,16313
2020,2,L'Eixample,10,Sant Antoni,169,16334
2020,2,L'Eixample,10,Sant Antoni,170,15946
2020,2,L'Eixample,10,Sant Antoni,171,14544
2020,2,L'Eixample,10,Sant Antoni,172,15406
2020,2,L'Eixample,10,Sant Antoni,173,16515
2020,3,Sants-Montjuïc,11,el Poble Sec,1,14132
2020,3,Sants-Montjuïc,11,el Poble Sec,2,12763
2020,3,Sants-Montjuïc,11,el Poble Sec,3,11578
2020,3,Sants-Montjuïc,11,el Poble Sec,4,14474
2020,3,Sants-Montjuïc,11,el Poble Sec,5,12920
2020,3,Sants-Montjuïc,11,el Poble Sec,6,12443
2020,3,Sants-Montjuïc,11,el Poble Sec,7,12934
2020,3,Sants-Montjuïc,11,el Poble Sec,8,12690
2020,3,Sants-Montjuïc,11,el Poble Sec,9,13920
2020,3,Sants-Montjuïc,11,el Poble Sec,10,12024
2020,3,Sants-Montjuïc,11,el Poble Sec,11,10404
2020,3,Sants-Montjuïc,11,el Poble Sec,12,12669
2020,3,Sants-Montjuïc,11,el Poble Sec,13,11882
2020,3,Sants-Montjuïc,11,el Poble Sec,14,11610
2020,3,Sants-Montjuïc,11,el Poble Sec,15,11736
2020,3,Sants-Montjuïc,11,el Poble Sec,16,11444
2020,3,Sants-Montjuïc,11,el Poble Sec,17,11246
2020,3,Sants-Montjuïc,11,el Poble Sec,18,12423
2020,3,Sants-Montjuïc,11,el Poble Sec,19,11951
2020,3,Sants-Montjuïc,11,el Poble Sec,20,15167
2020,3,Sants-Montjuïc,11,el Poble Sec,21,14636
2020,3,Sants-Montjuïc,11,el Poble Sec,22,13719
2020,3,Sants-Montjuïc,11,el Poble Sec,23,12067
2020,3,Sants-Montjuïc,11,el Poble Sec,24,12286
2020,3,Sants-Montjuïc,12,la Marina del Prat Vermell,25,11159
2020,3,Sants-Montjuïc,13,la Marina de Port,26,13807
2020,3,Sants-Montjuïc,13,la Marina de Port,27,14238
2020,3,Sants-Montjuïc,13,la Marina de Port,28,15609
2020,3,Sants-Montjuïc,13,la Marina de Port,29,12679
2020,3,Sants-Montjuïc,13,la Marina de Port,30,14128
2020,3,Sants-Montjuïc,13,la Marina de Port,31,12905
2020,3,Sants-Montjuïc,13,la Marina de Port,32,11609
2020,3,Sants-Montjuïc,13,la Marina de Port,33,10092
2020,3,Sants-Montjuïc,13,la Marina de Port,34,12951
2020,3,Sants-Montjuïc,13,la Marina de Port,35,14261
2020,3,Sants-Montjuïc,13,la Marina de Port,36,15410
2020,3,Sants-Montjuïc,13,la Marina de Port,37,14502
2020,3,Sants-Montjuïc,13,la Marina de Port,38,10204
2020,3,Sants-Montjuïc,13,la Marina de Port,39,9827
2020,3,Sants-Montjuïc,14,la Font de la Guatlla,40,17679
2020,3,Sants-Montjuïc,14,la Font de la Guatlla,41,14845
2020,3,Sants-Montjuïc,14,la Font de la Guatlla,42,14018
2020,3,Sants-Montjuïc,14,la Font de la Guatlla,43,16454
2020,3,Sants-Montjuïc,14,la Font de la Guatlla,44,13809
2020,3,Sants-Montjuïc,14,la Font de la Guatlla,45,15778
2020,3,Sants-Montjuïc,14,la Font de la Guatlla,46,18633
2020,3,Sants-Montjuïc,15,Hostafrancs,47,14397
2020,3,Sants-Montjuïc,15,Hostafrancs,48,17424
2020,3,Sants-Montjuïc,15,Hostafrancs,49,15748
2020,3,Sants-Montjuïc,15,Hostafrancs,50,15788
2020,3,Sants-Montjuïc,15,Hostafrancs,51,12984
2020,3,Sants-Montjuïc,15,Hostafrancs,52,14086
2020,3,Sants-Montjuïc,15,Hostafrancs,53,13403
2020,3,Sants-Montjuïc,15,Hostafrancs,54,16406
2020,3,Sants-Montjuïc,15,Hostafrancs,55,15177
2020,3,Sants-Montjuïc,15,Hostafrancs,56,14352
2020,3,Sants-Montjuïc,16,la Bordeta,57,14863
2020,3,Sants-Montjuïc,16,la Bordeta,58,18324
2020,3,Sants-Montjuïc,16,la Bordeta,59,14276
2020,3,Sants-Montjuïc,16,la Bordeta,60,16421
2020,3,Sants-Montjuïc,16,la Bordeta,61,14356
2020,3,Sants-Montjuïc,16,la Bordeta,62,15144
2020,3,Sants-Montjuïc,16,la Bordeta,63,14255
2020,3,Sants-Montjuïc,16,la Bordeta,64,15844
2020,3,Sants-Montjuïc,16,la Bordeta,65,16115
2020,3,Sants-Montjuïc,16,la Bordeta,66,14409
2020,3,Sants-Montjuïc,16,la Bordeta,67,15312
2020,3,Sants-Montjuïc,16,la Bordeta,68,13914
2020,3,Sants-Montjuïc,16,la Bordeta,69,16369
2020,3,Sants-Montjuïc,17,Sants-Badal,70,12951
2020,3,Sants-Montjuïc,17,Sants-Badal,71,13017
2020,3,Sants-Montjuïc,17,Sants-Badal,72,13622
2020,3,Sants-Montjuïc,17,Sants-Badal,73,16157
2020,3,Sants-Montjuïc,17,Sants-Badal,74,14938
2020,3,Sants-Montjuïc,17,Sants-Badal,75,14102
2020,3,Sants-Montjuïc,17,Sants-Badal,76,13750
2020,3,Sants-Montjuïc,17,Sants-Badal,77,14136
2020,3,Sants-Montjuïc,17,Sants-Badal,78,13521
2020,3,Sants-Montjuïc,17,Sants-Badal,79,12643
2020,3,Sants-Montjuïc,17,Sants-Badal,80,14826
2020,3,Sants-Montjuïc,17,Sants-Badal,81,14877
2020,3,Sants-Montjuïc,17,Sants-Badal,82,17061
2020,3,Sants-Montjuïc,17,Sants-Badal,83,16689
2020,3,Sants-Montjuïc,17,Sants-Badal,84,16703
2020,3,Sants-Montjuïc,17,Sants-Badal,85,16876
2020,3,Sants-Montjuïc,18,Sants,86,20214
2020,3,Sants-Montjuïc,18,Sants,87,18079
2020,3,Sants-Montjuïc,18,Sants,88,16114
2020,3,Sants-Montjuïc,18,Sants,89,17584
2020,3,Sants-Montjuïc,18,Sants,90,20105
2020,3,Sants-Montjuïc,18,Sants,91,16770
2020,3,Sants-Montjuïc,18,Sants,92,17305
2020,3,Sants-Montjuïc,18,Sants,93,17251
2020,3,Sants-Montjuïc,18,Sants,94,17578
2020,3,Sants-Montjuïc,18,Sants,95,15878
2020,3,Sants-Montjuïc,18,Sants,96,14786
2020,3,Sants-Montjuïc,18,Sants,97,11738
2020,3,Sants-Montjuïc,18,Sants,98,13507
2020,3,Sants-Montjuïc,18,Sants,99,15416
2020,3,Sants-Montjuïc,18,Sants,100,15334
2020,3,Sants-Montjuïc,18,Sants,101,15465
2020,3,Sants-Montjuïc,18,Sants,102,15864
2020,3,Sants-Montjuïc,18,Sants,103,15531
2020,3,Sants-Montjuïc,18,Sants,104,14720
2020,3,Sants-Montjuïc,18,Sants,105,14761
2020,3,Sants-Montjuïc,18,Sants,106,15748
2020,3,Sants-Montjuïc,18,Sants,107,16861
2020,3,Sants-Montjuïc,18,Sants,108,15262
2020,3,Sants-Montjuïc,18,Sants,109,16256
2020,3,Sants-Montjuïc,18,Sants,110,17156
2020,3,Sants-Montjuïc,18,Sants,111,16701
2020,3,Sants-Montjuïc,18,Sants,112,18907
2020,3,Sants-Montjuïc,18,Sants,113,20802
2020,3,Sants-Montjuïc,18,Sants,114,19160
2020,3,Sants-Montjuïc,13,la Marina de Port,211,13809
2020,3,Sants-Montjuïc,13,la Marina de Port,212,13026
2020,3,Sants-Montjuïc,13,la Marina de Port,213,10532
2020,4,Les Corts,19,les Corts,1,18429
2020,4,Les Corts,19,les Corts,2,21390
2020,4,Les Corts,19,les Corts,3,19994
2020,4,Les Corts,19,les Corts,4,19758
2020,4,Les Corts,19,les Corts,5,18623
2020,4,Les Corts,19,les Corts,6,19584
2020,4,Les Corts,19,les Corts,7,16249
2020,4,Les Corts,19,les Corts,8,17332
2020,4,Les Corts,19,les Corts,9,19462
2020,4,Les Corts,19,les Corts,10,22093
2020,4,Les Corts,19,les Corts,11,22074
2020,4,Les Corts,19,les Corts,12,21480
2020,4,Les Corts,19,les Corts,13,21831
2020,4,Les Corts,19,les Corts,14,23524
2020,4,Les Corts,19,les Corts,15,20882
2020,4,Les Corts,19,les Corts,16,21964
2020,4,Les Corts,19,les Corts,17,21295
2020,4,Les Corts,19,les Corts,18,22595
2020,4,Les Corts,19,les Corts,19,26427
2020,4,Les Corts,19,les Corts,20,22266
2020,4,Les Corts,19,les Corts,21,25747
2020,4,Les Corts,19,les Corts,22,22512
2020,4,Les Corts,19,les Corts,23,31670
2020,4,Les Corts,19,les Corts,24,31580
2020,4,Les Corts,19,les Corts,25,19738
2020,4,Les Corts,19,les Corts,26,20505
2020,4,Les Corts,19,les Corts,27,22168
2020,4,Les Corts,19,les Corts,28,20689
2020,4,Les Corts,19,les Corts,29,24881
2020,4,Les Corts,19,les Corts,30,22022
2020,4,Les Corts,19,les Corts,31,18968
2020,4,Les Corts,19,les Corts,32,18885
2020,4,Les Corts,19,les Corts,33,19265
2020,4,Les Corts,19,les Corts,34,23473
2020,4,Les Corts,19,les Corts,35,22154
2020,4,Les Corts,20,la Maternitat i Sant Ramon,36,17215
2020,4,Les Corts,20,la Maternitat i Sant Ramon,37,19257
2020,4,Les Corts,20,la Maternitat i Sant Ramon,38,19122
2020,4,Les Corts,20,la Maternitat i Sant Ramon,39,17520
2020,4,Les Corts,20,la Maternitat i Sant Ramon,40,14612
2020,4,Les Corts,20,la Maternitat i Sant Ramon,41,16117
2020,4,Les Corts,20,la Maternitat i Sant Ramon,42,15714
2020,4,Les Corts,20,la Maternitat i Sant Ramon,43,22670
2020,4,Les Corts,20,la Maternitat i Sant Ramon,44,17828
2020,4,Les Corts,20,la Maternitat i Sant Ramon,45,17256
2020,4,Les Corts,20,la Maternitat i Sant Ramon,46,23678
2020,4,Les Corts,20,la Maternitat i Sant Ramon,47,20389
2020,4,Les Corts,20,la Maternitat i Sant Ramon,48,21803
2020,4,Les Corts,20,la Maternitat i Sant Ramon,49,26950
2020,4,Les Corts,21,Pedralbes,50,31670
2020,4,Les Corts,21,Pedralbes,51,23497
2020,4,Les Corts,21,Pedralbes,52,31670
2020,4,Les Corts,21,Pedralbes,53,21129
2020,4,Les Corts,21,Pedralbes,54,29082
2020,4,Les Corts,21,Pedralbes,55,31670
2020,4,Les Corts,21,Pedralbes,56,31670
2020,4,Les Corts,20,la Maternitat i Sant Ramon,84,23228
2020,5,Sarrià-Sant Gervasi,22,"Vallvidrera, el Tibidabo i les Planes",1,15159
2020,5,Sarrià-Sant Gervasi,22,"Vallvidrera, el Tibidabo i les Planes",2,23307
2020,5,Sarrià-Sant Gervasi,22,"Vallvidrera, el Tibidabo i les Planes",3,21888
2020,5,Sarrià-Sant Gervasi,23,Sarrià,4,31670
2020,5,Sarrià-Sant Gervasi,23,Sarrià,5,21452
2020,5,Sarrià-Sant Gervasi,23,Sarrià,6,31670
2020,5,Sarrià-Sant Gervasi,23,Sarrià,7,24771
2020,5,Sarrià-Sant Gervasi,23,Sarrià,8,31191
2020,5,Sarrià-Sant Gervasi,23,Sarrià,9,23432
2020,5,Sarrià-Sant Gervasi,23,Sarrià,10,22541
2020,5,Sarrià-Sant Gervasi,23,Sarrià,11,24282
2020,5,Sarrià-Sant Gervasi,23,Sarrià,12,21463
2020,5,Sarrià-Sant Gervasi,23,Sarrià,13,24251
2020,5,Sarrià-Sant Gervasi,23,Sarrià,14,26903
2020,5,Sarrià-Sant Gervasi,23,Sarrià,15,23623
2020,5,Sarrià-Sant Gervasi,23,Sarrià,16,20437
2020,5,Sarrià-Sant Gervasi,23,Sarrià,17,31670
2020,5,Sarrià-Sant Gervasi,23,Sarrià,18,23467
2020,5,Sarrià-Sant Gervasi,23,Sarrià,19,28814
2020,5,Sarrià-Sant Gervasi,24,les Tres Torres,20,27004
2020,5,Sarrià-Sant Gervasi,24,les Tres Torres,21,31670
2020,5,Sarrià-Sant Gervasi,24,les Tres Torres,22,31670
2020,5,Sarrià-Sant Gervasi,24,les Tres Torres,23,21394
2020,5,Sarrià-Sant Gervasi,24,les Tres Torres,24,31670
2020,5,Sarrià-Sant Gervasi,24,les Tres Torres,25,31127
2020,5,Sarrià-Sant Gervasi,24,les Tres Torres,26,31670
2020,5,Sarrià-Sant Gervasi,24,les Tres Torres,27,31670
2020,5,Sarrià-Sant Gervasi,24,les Tres Torres,28,30136
2020,5,Sarrià-Sant Gervasi,24,les Tres Torres,29,31670
2020,5,Sarrià-Sant Gervasi,24,les Tres Torres,30,31670
2020,5,Sarrià-Sant Gervasi,25,Sant Gervasi- la Bonanova,31,31670
2020,5,Sarrià-Sant Gervasi,25,Sant Gervasi- la Bonanova,32,31670
2020,5,Sarrià-Sant Gervasi,25,Sant Gervasi- la Bonanova,33,29724
2020,5,Sarrià-Sant Gervasi,25,Sant Gervasi- la Bonanova,34,23824
2020,5,Sarrià-Sant Gervasi,25,Sant Gervasi- la Bonanova,35,31670
2020,5,Sarrià-Sant Gervasi,25,Sant Gervasi- la Bonanova,36,29258
2020,5,Sarrià-Sant Gervasi,25,Sant Gervasi- la Bonanova,37,23033
2020,5,Sarrià-Sant Gervasi,25,Sant Gervasi- la Bonanova,38,22063
2020,5,Sarrià-Sant Gervasi,25,Sant Gervasi- la Bonanova,39,27342
2020,5,Sarrià-Sant Gervasi,25,Sant Gervasi- la Bonanova,40,20111
2020,5,Sarrià-Sant Gervasi,25,Sant Gervasi- la Bonanova,41,23178
2020,5,Sarrià-Sant Gervasi,25,Sant Gervasi- la Bonanova,42,23556
2020,5,Sarrià-Sant Gervasi,25,Sant Gervasi- la Bonanova,43,23771
2020,5,Sarrià-Sant Gervasi,25,Sant Gervasi- la Bonanova,44,21972
2020,5,Sarrià-Sant Gervasi,25,Sant Gervasi- la Bonanova,45,26575
2020,5,Sarrià-Sant Gervasi,25,Sant Gervasi- la Bonanova,46,31670
2020,5,Sarrià-Sant Gervasi,25,Sant Gervasi- la Bonanova,47,28858
2020,5,Sarrià-Sant Gervasi,25,Sant Gervasi- la Bonanova,48,28241
2020,5,Sarrià-Sant Gervasi,26,Sant Gervasi- Galvany,49,31603
2020,5,Sarrià-Sant Gervasi,26,Sant Gervasi- Galvany,50,24939
2020,5,Sarrià-Sant Gervasi,26,Sant Gervasi- Galvany,51,27954
2020,5,Sarrià-Sant Gervasi,26,Sant Gervasi- Galvany,52,31670
2020,5,Sarrià-Sant Gervasi,26,Sant Gervasi- Galvany,53,31670
2020,5,Sarrià-Sant Gervasi,26,Sant Gervasi- Galvany,54,31670
2020,5,Sarrià-Sant Gervasi,26,Sant Gervasi- Galvany,55,31670
2020,5,Sarrià-Sant Gervasi,26,Sant Gervasi- Galvany,56,31112
2020,5,Sarrià-Sant Gervasi,26,Sant Gervasi- Galvany,57,31670
2020,5,Sarrià-Sant Gervasi,26,Sant Gervasi- Galvany,58,31670
2020,5,Sarrià-Sant Gervasi,26,Sant Gervasi- Galvany,59,28891
2020,5,Sarrià-Sant Gervasi,26,Sant Gervasi- Galvany,60,31670
2020,5,Sarrià-Sant Gervasi,26,Sant Gervasi- Galvany,61,21980
2020,5,Sarrià-Sant Gervasi,26,Sant Gervasi- Galvany,62,26476
2020,5,Sarrià-Sant Gervasi,26,Sant Gervasi- Galvany,63,26615
2020,5,Sarrià-Sant Gervasi,26,Sant Gervasi- Galvany,64,24797
2020,5,Sarrià-Sant Gervasi,26,Sant Gervasi- Galvany,65,22942
2020,5,Sarrià-Sant Gervasi,26,Sant Gervasi- Galvany,66,26998
2020,5,Sarrià-Sant Gervasi,26,Sant Gervasi- Galvany,67,25806
2020,5,Sarrià-Sant Gervasi,26,Sant Gervasi- Galvany,68,25609
2020,5,Sarrià-Sant Gervasi,26,Sant Gervasi- Galvany,69,23562
2020,5,Sarrià-Sant Gervasi,26,Sant Gervasi- Galvany,70,23223
2020,5,Sarrià-Sant Gervasi,26,Sant Gervasi- Galvany,71,21597
2020,5,Sarrià-Sant Gervasi,26,Sant Gervasi- Galvany,72,24167
2020,5,Sarrià-Sant Gervasi,26,Sant Gervasi- Galvany,73,23075
2020,5,Sarrià-Sant Gervasi,26,Sant Gervasi- Galvany,74,28559
2020,5,Sarrià-Sant Gervasi,26,Sant Gervasi- Galvany,75,22749
2020,5,Sarrià-Sant Gervasi,26,Sant Gervasi- Galvany,76,24235
2020,5,Sarrià-Sant Gervasi,26,Sant Gervasi- Galvany,77,25484
2020,5,Sarrià-Sant Gervasi,26,Sant Gervasi- Galvany,78,23031
2020,5,Sarrià-Sant Gervasi,26,Sant Gervasi- Galvany,79,23039
2020,5,Sarrià-Sant Gervasi,27,el Putxet i el Farró,80,21321
2020,5,Sarrià-Sant Gervasi,27,el Putxet i el Farró,81,7889
2020,5,Sarrià-Sant Gervasi,27,el Putxet i el Farró,82,20236
2020,5,Sarrià-Sant Gervasi,27,el Putxet i el Farró,83,19500
2020,5,Sarrià-Sant Gervasi,27,el Putxet i el Farró,84,22341
2020,5,Sarrià-Sant Gervasi,27,el Putxet i el Farró,85,19358
2020,5,Sarrià-Sant Gervasi,27,el Putxet i el Farró,86,20454
2020,5,Sarrià-Sant Gervasi,27,el Putxet i el Farró,87,20682
2020,5,Sarrià-Sant Gervasi,27,el Putxet i el Farró,88,23193
2020,5,Sarrià-Sant Gervasi,27,el Putxet i el Farró,89,21786
2020,5,Sarrià-Sant Gervasi,27,el Putxet i el Farró,90,20357
2020,5,Sarrià-Sant Gervasi,27,el Putxet i el Farró,91,21441
2020,5,Sarrià-Sant Gervasi,27,el Putxet i el Farró,92,27417
2020,5,Sarrià-Sant Gervasi,27,el Putxet i el Farró,93,26111
2020,5,Sarrià-Sant Gervasi,27,el Putxet i el Farró,94,24799
2020,5,Sarrià-Sant Gervasi,27,el Putxet i el Farró,95,19005
2020,5,Sarrià-Sant Gervasi,27,el Putxet i el Farró,96,20030
2020,5,Sarrià-Sant Gervasi,27,el Putxet i el Farró,97,22051
2020,5,Sarrià-Sant Gervasi,27,el Putxet i el Farró,98,19832
2020,6,Gràcia,28,Vallcarca i els Penitents,1,16659
2020,6,Gràcia,28,Vallcarca i els Penitents,2,17368
2020,6,Gràcia,28,Vallcarca i els Penitents,3,16630
2020,6,Gràcia,28,Vallcarca i els Penitents,4,18471
2020,6,Gràcia,28,Vallcarca i els Penitents,6,21744
2020,6,Gràcia,28,Vallcarca i els Penitents,7,20128
2020,6,Gràcia,28,Vallcarca i els Penitents,8,18026
2020,6,Gràcia,28,Vallcarca i els Penitents,9,23781
2020,6,Gràcia,28,Vallcarca i els Penitents,10,20519
2020,6,Gràcia,28,Vallcarca i els Penitents,11,19523
2020,6,Gràcia,28,Vallcarca i els Penitents,12,21211
2020,6,Gràcia,29,el Coll,13,17062
2020,6,Gràcia,29,el Coll,14,15965
2020,6,Gràcia,29,el Coll,15,15146
2020,6,Gràcia,29,el Coll,16,14039
2020,6,Gràcia,29,el Coll,17,14969
2020,6,Gràcia,30,la Salut,18,16148
2020,6,Gràcia,30,la Salut,19,16856
2020,6,Gràcia,30,la Salut,20,17676
2020,6,Gràcia,30,la Salut,21,20265
2020,6,Gràcia,30,la Salut,22,18497
2020,6,Gràcia,30,la Salut,23,23437
2020,6,Gràcia,30,la Salut,24,18992
2020,6,Gràcia,30,la Salut,25,20065
2020,6,Gràcia,30,la Salut,26,18901
2020,6,Gràcia,30,la Salut,27,20019
2020,6,Gràcia,31,la Vila de Gràcia,28,16759
2020,6,Gràcia,31,la Vila de Gràcia,29,18657
2020,6,Gràcia,31,la Vila de Gràcia,30,17096
2020,6,Gràcia,31,la Vila de Gràcia,31,18425
2020,6,Gràcia,31,la Vila de Gràcia,32,16634
2020,6,Gràcia,31,la Vila de Gràcia,33,17944
2020,6,Gràcia,31,la Vila de Gràcia,34,19524
2020,6,Gràcia,31,la Vila de Gràcia,35,21080
2020,6,Gràcia,31,la Vila de Gràcia,36,19400
2020,6,Gràcia,31,la Vila de Gràcia,37,18371
2020,6,Gràcia,31,la Vila de Gràcia,38,17726
2020,6,Gràcia,31,la Vila de Gràcia,39,16390
2020,6,Gràcia,31,la Vila de Gràcia,40,19329
2020,6,Gràcia,31,la Vila de Gràcia,41,19761
2020,6,Gràcia,31,la Vila de Gràcia,42,22635
2020,6,Gràcia,31,la Vila de Gràcia,43,19297
2020,6,Gràcia,31,la Vila de Gràcia,44,23423
2020,6,Gràcia,31,la Vila de Gràcia,45,18089
2020,6,Gràcia,31,la Vila de Gràcia,46,16961
2020,6,Gràcia,31,la Vila de Gràcia,47,15523
2020,6,Gràcia,31,la Vila de Gràcia,48,15914
2020,6,Gràcia,31,la Vila de Gràcia,49,17839
2020,6,Gràcia,31,la Vila de Gràcia,50,15145
2020,6,Gràcia,31,la Vila de Gràcia,51,17562
2020,6,Gràcia,31,la Vila de Gràcia,52,17245
2020,6,Gràcia,31,la Vila de Gràcia,53,17620
2020,6,Gràcia,31,la Vila de Gràcia,54,16358
2020,6,Gràcia,31,la Vila de Gràcia,55,18057
2020,6,Gràcia,31,la Vila de Gràcia,56,16029
2020,6,Gràcia,31,la Vila de Gràcia,57,16040
2020,6,Gràcia,31,la Vila de Gràcia,58,17765
2020,6,Gràcia,31,la Vila de Gràcia,59,17356
2020,6,Gràcia,31,la Vila de Gràcia,60,17241
2020,6,Gràcia,31,la Vila de Gràcia,61,17572
2020,6,Gràcia,31,la Vila de Gràcia,62,16466
2020,6,Gràcia,31,la Vila de Gràcia,63,16536
2020,6,Gràcia,32,el Camp d'en Grassot i Gràcia Nova,64,18344
2020,6,Gràcia,32,el Camp d'en Grassot i Gràcia Nova,65,21250
2020,6,Gràcia,32,el Camp d'en Grassot i Gràcia Nova,66,16774
2020,6,Gràcia,32,el Camp d'en Grassot i Gràcia Nova,67,18285
2020,6,Gràcia,32,el Camp d'en Grassot i Gràcia Nova,68,19643
2020,6,Gràcia,32,el Camp d'en Grassot i Gràcia Nova,69,19617
2020,6,Gràcia,32,el Camp d'en Grassot i Gràcia Nova,70,17572
2020,6,Gràcia,32,el Camp d'en Grassot i Gràcia Nova,71,18358
2020,6,Gràcia,32,el Camp d'en Grassot i Gràcia Nova,72,20580
2020,6,Gràcia,32,el Camp d'en Grassot i Gràcia Nova,73,18304
2020,6,Gràcia,32,el Camp d'en Grassot i Gràcia Nova,74,17167
2020,6,Gràcia,32,el Camp d'en Grassot i Gràcia Nova,75,20537
2020,6,Gràcia,32,el Camp d'en Grassot i Gràcia Nova,76,18794
2020,6,Gràcia,32,el Camp d'en Grassot i Gràcia Nova,77,16534
2020,6,Gràcia,32,el Camp d'en Grassot i Gràcia Nova,78,16546
2020,6,Gràcia,32,el Camp d'en Grassot i Gràcia Nova,79,18114
2020,6,Gràcia,32,el Camp d'en Grassot i Gràcia Nova,80,18193
2020,6,Gràcia,32,el Camp d'en Grassot i Gràcia Nova,81,17659
2020,6,Gràcia,32,el Camp d'en Grassot i Gràcia Nova,82,18606
2020,6,Gràcia,32,el Camp d'en Grassot i Gràcia Nova,83,20411
2020,6,Gràcia,32,el Camp d'en Grassot i Gràcia Nova,84,17834
2020,6,Gràcia,32,el Camp d'en Grassot i Gràcia Nova,85,18863
2020,6,Gràcia,32,el Camp d'en Grassot i Gràcia Nova,86,21515
2020,6,Gràcia,32,el Camp d'en Grassot i Gràcia Nova,87,21556
2020,6,Gràcia,32,el Camp d'en Grassot i Gràcia Nova,88,18723
2020,7,Horta-Guinardó,33,el Baix Guinardó,1,18311
2020,7,Horta-Guinardó,33,el Baix Guinardó,2,15880
2020,7,Horta-Guinardó,33,el Baix Guinardó,3,16883
2020,7,Horta-Guinardó,33,el Baix Guinardó,4,15491
2020,7,Horta-Guinardó,33,el Baix Guinardó,5,16278
2020,7,Horta-Guinardó,33,el Baix Guinardó,6,18597
2020,7,Horta-Guinardó,33,el Baix Guinardó,7,15525
2020,7,Horta-Guinardó,33,el Baix Guinardó,8,17100
2020,7,Horta-Guinardó,33,el Baix Guinardó,9,15230
2020,7,Horta-Guinardó,33,el Baix Guinardó,10,16592
2020,7,Horta-Guinardó,33,el Baix Guinardó,11,16873
2020,7,Horta-Guinardó,33,el Baix Guinardó,12,15621
2020,7,Horta-Guinardó,33,el Baix Guinardó,13,18500
2020,7,Horta-Guinardó,33,el Baix Guinardó,14,14452
2020,7,Horta-Guinardó,33,el Baix Guinardó,15,15426
2020,7,Horta-Guinardó,33,el Baix Guinardó,16,18208
2020,7,Horta-Guinardó,33,el Baix Guinardó,17,15872
2020,7,Horta-Guinardó,33,el Baix Guinardó,18,15706
2020,7,Horta-Guinardó,33,el Baix Guinardó,19,16105
2020,7,Horta-Guinardó,34,Can Baró,20,15627
2020,7,Horta-Guinardó,34,Can Baró,21,19101
2020,7,Horta-Guinardó,34,Can Baró,22,14496
2020,7,Horta-Guinardó,34,Can Baró,23,13523
2020,7,Horta-Guinardó,34,Can Baró,24,15274
2020,7,Horta-Guinardó,34,Can Baró,25,14528
2020,7,Horta-Guinardó,34,Can Baró,26,15745
2020,7,Horta-Guinardó,35,el Guinardó,27,13884
2020,7,Horta-Guinardó,35,el Guinardó,28,15198
2020,7,Horta-Guinardó,35,el Guinardó,29,17393
2020,7,Horta-Guinardó,35,el Guinardó,30,13941
2020,7,Horta-Guinardó,35,el Guinardó,31,13951
2020,7,Horta-Guinardó,35,el Guinardó,32,16069
2020,7,Horta-Guinardó,35,el Guinardó,33,16606
2020,7,Horta-Guinardó,35,el Guinardó,34,17524
2020,7,Horta-Guinardó,35,el Guinardó,35,17824
2020,7,Horta-Guinardó,35,el Guinardó,36,18538
2020,7,Horta-Guinardó,35,el Guinardó,37,16037
2020,7,Horta-Guinardó,35,el Guinardó,38,16270
2020,7,Horta-Guinardó,35,el Guinardó,39,16741
2020,7,Horta-Guinardó,35,el Guinardó,40,16308
2020,7,Horta-Guinardó,35,el Guinardó,41,15429
2020,7,Horta-Guinardó,35,el Guinardó,42,16355
2020,7,Horta-Guinardó,35,el Guinardó,43,16162
2020,7,Horta-Guinardó,35,el Guinardó,44,16601
2020,7,Horta-Guinardó,35,el Guinardó,45,15372
2020,7,Horta-Guinardó,35,el Guinardó,46,15549
2020,7,Horta-Guinardó,35,el Guinardó,47,15514
2020,7,Horta-Guinardó,35,el Guinardó,48,15417
2020,7,Horta-Guinardó,35,el Guinardó,49,16039
2020,7,Horta-Guinardó,35,el Guinardó,50,14900
2020,7,Horta-Guinardó,35,el Guinardó,51,15152
2020,7,Horta-Guinardó,36,la Font d'en Fargues,52,20000
2020,7,Horta-Guinardó,36,la Font d'en Fargues,53,17764
2020,7,Horta-Guinardó,36,la Font d'en Fargues,54,20908
2020,7,Horta-Guinardó,36,la Font d'en Fargues,55,20636
2020,7,Horta-Guinardó,36,la Font d'en Fargues,56,17438
2020,7,Horta-Guinardó,36,la Font d'en Fargues,57,17345
2020,7,Horta-Guinardó,36,la Font d'en Fargues,58,17242
2020,7,Horta-Guinardó,37,el Carmel,59,12370
2020,7,Horta-Guinardó,37,el Carmel,60,12154
2020,7,Horta-Guinardó,37,el Carmel,61,12567
2020,7,Horta-Guinardó,37,el Carmel,62,12878
2020,7,Horta-Guinardó,37,el Carmel,63,11385
2020,7,Horta-Guinardó,37,el Carmel,64,11489
2020,7,Horta-Guinardó,37,el Carmel,65,10445
2020,7,Horta-Guinardó,37,el Carmel,66,10840
2020,7,Horta-Guinardó,37,el Carmel,67,10867
2020,7,Horta-Guinardó,37,el Carmel,68,10514
2020,7,Horta-Guinardó,37,el Carmel,69,11410
2020,7,Horta-Guinardó,37,el Carmel,70,11426
2020,7,Horta-Guinardó,37,el Carmel,71,13464
2020,7,Horta-Guinardó,37,el Carmel,72,12674
2020,7,Horta-Guinardó,37,el Carmel,73,11757
2020,7,Horta-Guinardó,37,el Carmel,74,12603
2020,7,Horta-Guinardó,37,el Carmel,75,11781
2020,7,Horta-Guinardó,37,el Carmel,76,11874
2020,7,Horta-Guinardó,37,el Carmel,77,11436
2020,7,Horta-Guinardó,37,el Carmel,78,11534
2020,7,Horta-Guinardó,37,el Carmel,79,11757
2020,7,Horta-Guinardó,37,el Carmel,80,12385
2020,7,Horta-Guinardó,38,la Teixonera,81,13137
2020,7,Horta-Guinardó,38,la Teixonera,82,12744
2020,7,Horta-Guinardó,38,la Teixonera,83,12628
2020,7,Horta-Guinardó,38,la Teixonera,84,12556
2020,7,Horta-Guinardó,38,la Teixonera,85,13255
2020,7,Horta-Guinardó,38,la Teixonera,86,12714
2020,7,Horta-Guinardó,38,la Teixonera,87,13272
2020,7,Horta-Guinardó,38,la Teixonera,88,13226
2020,7,Horta-Guinardó,39,Sant Genís dels Agudells,89,16420
2020,7,Horta-Guinardó,39,Sant Genís dels Agudells,90,13179
2020,7,Horta-Guinardó,39,Sant Genís dels Agudells,91,13759
2020,7,Horta-Guinardó,39,Sant Genís dels Agudells,92,11619
2020,7,Horta-Guinardó,39,Sant Genís dels Agudells,93,14004
2020,7,Horta-Guinardó,40,Montbau,94,14683
2020,7,Horta-Guinardó,40,Montbau,95,15258
2020,7,Horta-Guinardó,40,Montbau,96,13987
2020,7,Horta-Guinardó,40,Montbau,97,16814
2020,7,Horta-Guinardó,41,la Vall d'Hebron,98,20126
2020,7,Horta-Guinardó,41,la Vall d'Hebron,99,17817
2020,7,Horta-Guinardó,41,la Vall d'Hebron,100,16157
2020,7,Horta-Guinardó,41,la Vall d'Hebron,101,16357
2020,7,Horta-Guinardó,42,la Clota,102,14567
2020,7,Horta-Guinardó,43,Horta,103,14629
2020,7,Horta-Guinardó,43,Horta,104,13493
2020,7,Horta-Guinardó,43,Horta,105,16660
2020,7,Horta-Guinardó,43,Horta,106,16455
2020,7,Horta-Guinardó,43,Horta,107,18349
2020,7,Horta-Guinardó,43,Horta,108,16234
2020,7,Horta-Guinardó,43,Horta,109,13661
2020,7,Horta-Guinardó,43,Horta,110,18753
2020,7,Horta-Guinardó,43,Horta,111,18848
2020,7,Horta-Guinardó,43,Horta,112,16297
2020,7,Horta-Guinardó,43,Horta,113,14463
2020,7,Horta-Guinardó,43,Horta,114,16993
2020,7,Horta-Guinardó,43,Horta,115,18990
2020,7,Horta-Guinardó,43,Horta,116,15228
2020,7,Horta-Guinardó,43,Horta,117,15951
2020,7,Horta-Guinardó,43,Horta,118,16048
2020,7,Horta-Guinardó,43,Horta,119,14016
2020,7,Horta-Guinardó,43,Horta,120,14524
2020,7,Horta-Guinardó,43,Horta,121,13765
2020,7,Horta-Guinardó,43,Horta,122,15203
2020,7,Horta-Guinardó,43,Horta,123,16235
2020,8,Nou Barris,44,Vilapicina i la Torre Llobeta,1,14938
2020,8,Nou Barris,44,Vilapicina i la Torre Llobeta,2,16000
2020,8,Nou Barris,44,Vilapicina i la Torre Llobeta,3,14628
2020,8,Nou Barris,44,Vilapicina i la Torre Llobeta,4,13720
2020,8,Nou Barris,44,Vilapicina i la Torre Llobeta,5,15565
2020,8,Nou Barris,44,Vilapicina i la Torre Llobeta,6,14968
2020,8,Nou Barris,44,Vilapicina i la Torre Llobeta,7,15849
2020,8,Nou Barris,44,Vilapicina i la Torre Llobeta,8,15380
2020,8,Nou Barris,44,Vilapicina i la Torre Llobeta,9,14154
2020,8,Nou Barris,44,Vilapicina i la Torre Llobeta,10,16099
2020,8,Nou Barris,44,Vilapicina i la Torre Llobeta,11,16389
2020,8,Nou Barris,44,Vilapicina i la Torre Llobeta,12,15206
2020,8,Nou Barris,44,Vilapicina i la Torre Llobeta,13,14643
2020,8,Nou Barris,44,Vilapicina i la Torre Llobeta,14,13552
2020,8,Nou Barris,44,Vilapicina i la Torre Llobeta,15,12962
2020,8,Nou Barris,44,Vilapicina i la Torre Llobeta,16,14285
2020,8,Nou Barris,44,Vilapicina i la Torre Llobeta,17,15920
2020,8,Nou Barris,44,Vilapicina i la Torre Llobeta,18,15127
2020,8,Nou Barris,44,Vilapicina i la Torre Llobeta,19,13226
2020,8,Nou Barris,45,Porta,20,13863
2020,8,Nou Barris,45,Porta,21,14242
2020,8,Nou Barris,45,Porta,22,14588
2020,8,Nou Barris,45,Porta,23,13020
2020,8,Nou Barris,45,Porta,24,14368
2020,8,Nou Barris,45,Porta,25,12771
2020,8,Nou Barris,45,Porta,26,14193
2020,8,Nou Barris,45,Porta,27,15451
2020,8,Nou Barris,45,Porta,28,13434
2020,8,Nou Barris,45,Porta,29,12250
2020,8,Nou Barris,45,Porta,30,12515
2020,8,Nou Barris,45,Porta,31,14026
2020,8,Nou Barris,45,Porta,32,14205
2020,8,Nou Barris,45,Porta,33,12228
2020,8,Nou Barris,45,Porta,34,11151
2020,8,Nou Barris,45,Porta,35,13453
2020,8,Nou Barris,45,Porta,36,10929
2020,8,Nou Barris,45,Porta,37,12752
2020,8,Nou Barris,46,el Turó de la Peira,38,11709
2020,8,Nou Barris,46,el Turó de la Peira,39,11775
2020,8,Nou Barris,46,el Turó de la Peira,40,10606
2020,8,Nou Barris,46,el Turó de la Peira,41,8659
2020,8,Nou Barris,46,el Turó de la Peira,42,14581
2020,8,Nou Barris,46,el Turó de la Peira,43,12604
2020,8,Nou Barris,46,el Turó de la Peira,44,10863
2020,8,Nou Barris,46,el Turó de la Peira,45,10671
2020,8,Nou Barris,46,el Turó de la Peira,46,11808
2020,8,Nou Barris,46,el Turó de la Peira,47,9837
2020,8,Nou Barris,47,Can Peguera,48,9131
2020,8,Nou Barris,47,Can Peguera,49,11371
2020,8,Nou Barris,48,la Guineueta,50,16457
2020,8,Nou Barris,48,la Guineueta,51,15439
2020,8,Nou Barris,48,la Guineueta,52,14588
2020,8,Nou Barris,48,la Guineueta,53,15788
2020,8,Nou Barris,48,la Guineueta,54,14797
2020,8,Nou Barris,48,la Guineueta,55,18479
2020,8,Nou Barris,48,la Guineueta,56,13428
2020,8,Nou Barris,48,la Guineueta,57,13545
2020,8,Nou Barris,48,la Guineueta,58,12380
2020,8,Nou Barris,48,la Guineueta,59,13322
2020,8,Nou Barris,49,Canyelles,60,15104
2020,8,Nou Barris,49,Canyelles,61,12887
2020,8,Nou Barris,49,Canyelles,62,14325
2020,8,Nou Barris,49,Canyelles,63,17073
2020,8,Nou Barris,49,Canyelles,64,12497
2020,8,Nou Barris,50,les Roquetes,65,9529
2020,8,Nou Barris,50,les Roquetes,66,8878
2020,8,Nou Barris,50,les Roquetes,67,11432
2020,8,Nou Barris,50,les Roquetes,68,9917
2020,8,Nou Barris,50,les Roquetes,69,10213
2020,8,Nou Barris,50,les Roquetes,70,9840
2020,8,Nou Barris,50,les Roquetes,71,10600
2020,8,Nou Barris,50,les Roquetes,72,11920
2020,8,Nou Barris,50,les Roquetes,73,9738
2020,8,Nou Barris,50,les Roquetes,74,9866
2020,8,Nou Barris,51,Verdun,75,11365
2020,8,Nou Barris,51,Verdun,76,12270
2020,8,Nou Barris,51,Verdun,77,9755
2020,8,Nou Barris,51,Verdun,78,10560
2020,8,Nou Barris,51,Verdun,79,10364
2020,8,Nou Barris,51,Verdun,80,11541
2020,8,Nou Barris,51,Verdun,81,9957
2020,8,Nou Barris,51,Verdun,82,11723
2020,8,Nou Barris,52,la Prosperitat,83,11581
2020,8,Nou Barris,52,la Prosperitat,84,12248
2020,8,Nou Barris,52,la Prosperitat,85,11716
2020,8,Nou Barris,52,la Prosperitat,86,12306
2020,8,Nou Barris,52,la Prosperitat,87,12239
2020,8,Nou Barris,52,la Prosperitat,88,11903
2020,8,Nou Barris,52,la Prosperitat,89,11983
2020,8,Nou Barris,52,la Prosperitat,90,12724
2020,8,Nou Barris,52,la Prosperitat,91,12179
2020,8,Nou Barris,52,la Prosperitat,92,14026
2020,8,Nou Barris,52,la Prosperitat,93,11582
2020,8,Nou Barris,52,la Prosperitat,94,13323
2020,8,Nou Barris,52,la Prosperitat,95,15111
2020,8,Nou Barris,52,la Prosperitat,96,12477
2020,8,Nou Barris,52,la Prosperitat,97,11925
2020,8,Nou Barris,52,la Prosperitat,98,11661
2020,8,Nou Barris,52,la Prosperitat,99,11793
2020,8,Nou Barris,52,la Prosperitat,100,12325
2020,8,Nou Barris,52,la Prosperitat,101,12493
2020,8,Nou Barris,52,la Prosperitat,102,10588
2020,8,Nou Barris,53,la Trinitat Nova,103,8965
2020,8,Nou Barris,53,la Trinitat Nova,104,9928
2020,8,Nou Barris,53,la Trinitat Nova,105,9990
2020,8,Nou Barris,53,la Trinitat Nova,106,9594
2020,8,Nou Barris,53,la Trinitat Nova,107,10093
2020,8,Nou Barris,54,Torre Baró,108,9268
2020,8,Nou Barris,54,Torre Baró,109,8871
2020,8,Nou Barris,55,Ciutat Meridiana,110,7346
2020,8,Nou Barris,55,Ciutat Meridiana,111,8373
2020,8,Nou Barris,55,Ciutat Meridiana,112,8607
2020,8,Nou Barris,55,Ciutat Meridiana,113,8459
2020,8,Nou Barris,55,Ciutat Meridiana,114,9165
2020,8,Nou Barris,55,Ciutat Meridiana,115,8675
2020,8,Nou Barris,56,Vallbona,116,9458
2020,8,Nou Barris,48,la Guineueta,215,16305
2020,9,Sant Andreu,57,la Trinitat Vella,1,7903
2020,9,Sant Andreu,57,la Trinitat Vella,2,8978
2020,9,Sant Andreu,57,la Trinitat Vella,3,8848
2020,9,Sant Andreu,57,la Trinitat Vella,4,9965
2020,9,Sant Andreu,57,la Trinitat Vella,5,12575
2020,9,Sant Andreu,58,Baró de Viver,6,9896
2020,9,Sant Andreu,58,Baró de Viver,7,9294
2020,9,Sant Andreu,59,el Bon Pastor,8,17540
2020,9,Sant Andreu,59,el Bon Pastor,9,13383
2020,9,Sant Andreu,59,el Bon Pastor,10,12284
2020,9,Sant Andreu,59,el Bon Pastor,11,10631
2020,9,Sant Andreu,59,el Bon Pastor,13,9179
2020,9,Sant Andreu,59,el Bon Pastor,14,10630
2020,9,Sant Andreu,59,el Bon Pastor,15,10611
2020,9,Sant Andreu,60,Sant Andreu,16,16567
2020,9,Sant Andreu,60,Sant Andreu,17,15969
2020,9,Sant Andreu,60,Sant Andreu,18,15190
2020,9,Sant Andreu,60,Sant Andreu,19,16517
2020,9,Sant Andreu,60,Sant Andreu,20,16871
2020,9,Sant Andreu,60,Sant Andreu,21,17409
2020,9,Sant Andreu,60,Sant Andreu,22,16888
2020,9,Sant Andreu,60,Sant Andreu,23,16767
2020,9,Sant Andreu,60,Sant Andreu,24,16594
2020,9,Sant Andreu,60,Sant Andreu,25,17352
2020,9,Sant Andreu,60,Sant Andreu,26,17198
2020,9,Sant Andreu,60,Sant Andreu,27,17517
2020,9,Sant Andreu,60,Sant Andreu,28,18244
2020,9,Sant Andreu,60,Sant Andreu,29,15961
2020,9,Sant Andreu,60,Sant Andreu,30,17009
2020,9,Sant Andreu,60,Sant Andreu,31,17148
2020,9,Sant Andreu,60,Sant Andreu,32,12916
2020,9,Sant Andreu,60,Sant Andreu,33,14997
2020,9,Sant Andreu,60,Sant Andreu,34,13806
2020,9,Sant Andreu,60,Sant Andreu,35,15580
2020,9,Sant Andreu,60,Sant Andreu,36,16307
2020,9,Sant Andreu,60,Sant Andreu,37,13046
2020,9,Sant Andreu,60,Sant Andreu,38,17026
2020,9,Sant Andreu,60,Sant Andreu,39,16090
2020,9,Sant Andreu,60,Sant Andreu,40,16505
2020,9,Sant Andreu,60,Sant Andreu,41,15908
2020,9,Sant Andreu,60,Sant Andreu,42,17530
2020,9,Sant Andreu,60,Sant Andreu,43,15101
2020,9,Sant Andreu,60,Sant Andreu,44,15870
2020,9,Sant Andreu,60,Sant Andreu,45,16687
2020,9,Sant Andreu,60,Sant Andreu,46,17483
2020,9,Sant Andreu,60,Sant Andreu,47,17805
2020,9,Sant Andreu,60,Sant Andreu,48,16347
2020,9,Sant Andreu,60,Sant Andreu,49,14772
2020,9,Sant Andreu,60,Sant Andreu,50,17108
2020,9,Sant Andreu,60,Sant Andreu,51,17061
2020,9,Sant Andreu,60,Sant Andreu,52,15756
2020,9,Sant Andreu,60,Sant Andreu,53,17774
2020,9,Sant Andreu,60,Sant Andreu,54,17530
2020,9,Sant Andreu,61,la Sagrera,55,13592
2020,9,Sant Andreu,61,la Sagrera,56,16545
2020,9,Sant Andreu,61,la Sagrera,57,14476
2020,9,Sant Andreu,61,la Sagrera,58,16493
2020,9,Sant Andreu,61,la Sagrera,59,15188
2020,9,Sant Andreu,61,la Sagrera,60,15774
2020,9,Sant Andreu,61,la Sagrera,61,17252
2020,9,Sant Andreu,61,la Sagrera,62,15061
2020,9,Sant Andreu,61,la Sagrera,63,17539
2020,9,Sant Andreu,61,la Sagrera,64,17041
2020,9,Sant Andreu,61,la Sagrera,65,15233
2020,9,Sant Andreu,61,la Sagrera,66,16780
2020,9,Sant Andreu,61,la Sagrera,67,14356
2020,9,Sant Andreu,61,la Sagrera,68,16538
2020,9,Sant Andreu,61,la Sagrera,69,17140
2020,9,Sant Andreu,61,la Sagrera,70,11718
2020,9,Sant Andreu,61,la Sagrera,71,14571
2020,9,Sant Andreu,61,la Sagrera,72,12383
2020,9,Sant Andreu,61,la Sagrera,73,15794
2020,9,Sant Andreu,62,el Congrés i els Indians,74,14751
2020,9,Sant Andreu,62,el Congrés i els Indians,75,14275
2020,9,Sant Andreu,62,el Congrés i els Indians,76,14752
2020,9,Sant Andreu,62,el Congrés i els Indians,77,15245
2020,9,Sant Andreu,62,el Congrés i els Indians,78,14544
2020,9,Sant Andreu,62,el Congrés i els Indians,79,16140
2020,9,Sant Andreu,62,el Congrés i els Indians,80,15186
2020,9,Sant Andreu,62,el Congrés i els Indians,81,15330
2020,9,Sant Andreu,62,el Congrés i els Indians,82,14883
2020,9,Sant Andreu,63,Navas,83,16232
2020,9,Sant Andreu,63,Navas,84,17435
2020,9,Sant Andreu,63,Navas,85,16067
2020,9,Sant Andreu,63,Navas,86,15209
2020,9,Sant Andreu,63,Navas,87,16823
2020,9,Sant Andreu,63,Navas,88,14314
2020,9,Sant Andreu,63,Navas,89,14665
2020,9,Sant Andreu,63,Navas,90,14936
2020,9,Sant Andreu,63,Navas,91,15568
2020,9,Sant Andreu,63,Navas,92,15363
2020,9,Sant Andreu,63,Navas,93,15716
2020,9,Sant Andreu,63,Navas,94,15436
2020,9,Sant Andreu,63,Navas,95,15272
2020,9,Sant Andreu,61,la Sagrera,156,15312
2020,10,Sant Martí,64,el Camp de l'Arpa del Clot,1,14187
2020,10,Sant Martí,64,el Camp de l'Arpa del Clot,2,15095
2020,10,Sant Martí,64,el Camp de l'Arpa del Clot,3,15618
2020,10,Sant Martí,64,el Camp de l'Arpa del Clot,4,15838
2020,10,Sant Martí,64,el Camp de l'Arpa del Clot,5,16386
2020,10,Sant Martí,64,el Camp de l'Arpa del Clot,6,17598
2020,10,Sant Martí,64,el Camp de l'Arpa del Clot,7,20893
2020,10,Sant Martí,64,el Camp de l'Arpa del Clot,8,15816
2020,10,Sant Martí,64,el Camp de l'Arpa del Clot,9,16345
2020,10,Sant Martí,64,el Camp de l'Arpa del Clot,10,15122
2020,10,Sant Martí,64,el Camp de l'Arpa del Clot,11,18203
2020,10,Sant Martí,64,el Camp de l'Arpa del Clot,12,17118
2020,10,Sant Martí,64,el Camp de l'Arpa del Clot,13,15889
2020,10,Sant Martí,64,el Camp de l'Arpa del Clot,14,15196
2020,10,Sant Martí,64,el Camp de l'Arpa del Clot,15,16363
2020,10,Sant Martí,64,el Camp de l'Arpa del Clot,16,17317
2020,10,Sant Martí,64,el Camp de l'Arpa del Clot,17,15923
2020,10,Sant Martí,64,el Camp de l'Arpa del Clot,18,15064
2020,10,Sant Martí,64,el Camp de l'Arpa del Clot,19,16366
2020,10,Sant Martí,64,el Camp de l'Arpa del Clot,20,13882
2020,10,Sant Martí,64,el Camp de l'Arpa del Clot,21,14478
2020,10,Sant Martí,64,el Camp de l'Arpa del Clot,22,15501
2020,10,Sant Martí,64,el Camp de l'Arpa del Clot,23,15388
2020,10,Sant Martí,64,el Camp de l'Arpa del Clot,24,16532
2020,10,Sant Martí,64,el Camp de l'Arpa del Clot,25,15229
2020,10,Sant Martí,65,el Clot,26,15083
2020,10,Sant Martí,65,el Clot,27,16446
2020,10,Sant Martí,65,el Clot,28,15160
2020,10,Sant Martí,65,el Clot,29,14798
2020,10,Sant Martí,65,el Clot,30,15566
2020,10,Sant Martí,65,el Clot,31,15898
2020,10,Sant Martí,65,el Clot,32,16473
2020,10,Sant Martí,65,el Clot,33,18551
2020,10,Sant Martí,65,el Clot,34,15156
2020,10,Sant Martí,65,el Clot,35,17153
2020,10,Sant Martí,65,el Clot,36,17427
2020,10,Sant Martí,65,el Clot,37,12341
2020,10,Sant Martí,65,el Clot,38,15507
2020,10,Sant Martí,65,el Clot,39,14192
2020,10,Sant Martí,65,el Clot,40,15561
2020,10,Sant Martí,65,el Clot,41,15131
2020,10,Sant Martí,66,el Parc i la Llacuna del Poblenou,42,13871
2020,10,Sant Martí,66,el Parc i la Llacuna del Poblenou,43,14405
2020,10,Sant Martí,66,el Parc i la Llacuna del Poblenou,44,16690
2020,10,Sant Martí,66,el Parc i la Llacuna del Poblenou,45,18147
2020,10,Sant Martí,66,el Parc i la Llacuna del Poblenou,46,18559
2020,10,Sant Martí,66,el Parc i la Llacuna del Poblenou,47,18064
2020,10,Sant Martí,66,el Parc i la Llacuna del Poblenou,48,18525
2020,10,Sant Martí,66,el Parc i la Llacuna del Poblenou,49,16827
2020,10,Sant Martí,66,el Parc i la Llacuna del Poblenou,50,17577
2020,10,Sant Martí,67,la Vila Olímpica del Poblenou,51,18512
2020,10,Sant Martí,67,la Vila Olímpica del Poblenou,52,22613
2020,10,Sant Martí,67,la Vila Olímpica del Poblenou,53,27024
2020,10,Sant Martí,67,la Vila Olímpica del Poblenou,54,22147
2020,10,Sant Martí,67,la Vila Olímpica del Poblenou,55,23761
2020,10,Sant Martí,68,el Poblenou,56,14142
2020,10,Sant Martí,68,el Poblenou,57,14918
2020,10,Sant Martí,68,el Poblenou,58,14310
2020,10,Sant Martí,68,el Poblenou,59,16518
2020,10,Sant Martí,68,el Poblenou,60,14577
2020,10,Sant Martí,68,el Poblenou,61,18292
2020,10,Sant Martí,68,el Poblenou,62,17915
2020,10,Sant Martí,68,el Poblenou,63,17619
2020,10,Sant Martí,68,el Poblenou,64,17985
2020,10,Sant Martí,68,el Poblenou,65,17397
2020,10,Sant Martí,68,el Poblenou,66,16746
2020,10,Sant Martí,68,el Poblenou,67,21670
2020,10,Sant Martí,68,el Poblenou,68,18729
2020,10,Sant Martí,68,el Poblenou,69,19238
2020,10,Sant Martí,68,el Poblenou,70,15667
2020,10,Sant Martí,68,el Poblenou,71,18117
2020,10,Sant Martí,68,el Poblenou,72,15910
2020,10,Sant Martí,68,el Poblenou,73,14844
2020,10,Sant Martí,68,el Poblenou,74,14750
2020,10,Sant Martí,68,el Poblenou,75,14503
2020,10,Sant Martí,69,Diagonal Mar i el Front Marítim del Poblenou,76,18473
2020,10,Sant Martí,69,Diagonal Mar i el Front Marítim del Poblenou,77,20269
2020,10,Sant Martí,69,Diagonal Mar i el Front Marítim del Poblenou,78,20484
2020,10,Sant Martí,69,Diagonal Mar i el Front Marítim del Poblenou,79,17609
2020,10,Sant Martí,69,Diagonal Mar i el Front Marítim del Poblenou,80,24823
2020,10,Sant Martí,70,el Besòs i el Maresme,81,11490
2020,10,Sant Martí,70,el Besòs i el Maresme,82,7701
2020,10,Sant Martí,70,el Besòs i el Maresme,83,6594
2020,10,Sant Martí,70,el Besòs i el Maresme,84,9233
2020,10,Sant Martí,70,el Besòs i el Maresme,85,8209
2020,10,Sant Martí,70,el Besòs i el Maresme,86,9702
2020,10,Sant Martí,70,el Besòs i el Maresme,87,9574
2020,10,Sant Martí,70,el Besòs i el Maresme,88,13034
2020,10,Sant Martí,70,el Besòs i el Maresme,89,9924
2020,10,Sant Martí,70,el Besòs i el Maresme,90,10772
2020,10,Sant Martí,70,el Besòs i el Maresme,91,12296
2020,10,Sant Martí,70,el Besòs i el Maresme,92,15330
2020,10,Sant Martí,70,el Besòs i el Maresme,93,15769
2020,10,Sant Martí,71,Provençals del Poblenou,94,16633
2020,10,Sant Martí,71,Provençals del Poblenou,95,13509
2020,10,Sant Martí,71,Provençals del Poblenou,96,17569
2020,10,Sant Martí,71,Provençals del Poblenou,97,17739
2020,10,Sant Martí,71,Provençals del Poblenou,98,16356
2020,10,Sant Martí,71,Provençals del Poblenou,99,11572
2020,10,Sant Martí,71,Provençals del Poblenou,100,13487
2020,10,Sant Martí,71,Provençals del Poblenou,101,13289
2020,10,Sant Martí,71,Provençals del Poblenou,102,13150
2020,10,Sant Martí,71,Provençals del Poblenou,103,14837
2020,10,Sant Martí,71,Provençals del Poblenou,104,16568
2020,10,Sant Martí,72,Sant Martí de Provençals,105,15181
2020,10,Sant Martí,72,Sant Martí de Provençals,106,14683
2020,10,Sant Martí,72,Sant Martí de Provençals,107,18464
2020,10,Sant Martí,72,Sant Martí de Provençals,108,14272
2020,10,Sant Martí,72,Sant Martí de Provençals,109,13447
2020,10,Sant Martí,72,Sant Martí de Provençals,110,13057
2020,10,Sant Martí,72,Sant Martí de Provençals,111,13782
2020,10,Sant Martí,72,Sant Martí de Provençals,112,17811
2020,10,Sant Martí,72,Sant Martí de Provençals,113,13749
2020,10,Sant Martí,72,Sant Martí de Provençals,114,11904
2020,10,Sant Martí,72,Sant Martí de Provençals,115,13010
2020,10,Sant Martí,72,Sant Martí de Provençals,116,12182
2020,10,Sant Martí,72,Sant Martí de Provençals,117,13904
2020,10,Sant Martí,72,Sant Martí de Provençals,118,17346
2020,10,Sant Martí,72,Sant Martí de Provençals,119,12809
2020,10,Sant Martí,72,Sant Martí de Provençals,120,13571
2020,10,Sant Martí,72,Sant Martí de Provençals,121,12914
2020,10,Sant Martí,72,Sant Martí de Provençals,122,16259
2020,10,Sant Martí,73,la Verneda i la Pau,123,14353
2020,10,Sant Martí,73,la Verneda i la Pau,124,14864
2020,10,Sant Martí,73,la Verneda i la Pau,125,13401
2020,10,Sant Martí,73,la Verneda i la Pau,126,14613
2020,10,Sant Martí,73,la Verneda i la Pau,127,14793
2020,10,Sant Martí,73,la Verneda i la Pau,128,15591
2020,10,Sant Martí,73,la Verneda i la Pau,129,15495
2020,10,Sant Martí,73,la Verneda i la Pau,130,14530
2020,10,Sant Martí,73,la Verneda i la Pau,131,17116
2020,10,Sant Martí,73,la Verneda i la Pau,132,13593
2020,10,Sant Martí,73,la Verneda i la Pau,133,12552
2020,10,Sant Martí,73,la Verneda i la Pau,134,12791
2020,10,Sant Martí,73,la Verneda i la Pau,135,12955
2020,10,Sant Martí,73,la Verneda i la Pau,136,13765
2020,10,Sant Martí,73,la Verneda i la Pau,137,11726
2020,10,Sant Martí,73,la Verneda i la Pau,138,10262
2020,10,Sant Martí,73,la Verneda i la Pau,139,11236
2020,10,Sant Martí,73,la Verneda i la Pau,140,11219
2020,10,Sant Martí,73,la Verneda i la Pau,141,11645
2020,10,Sant Martí,73,la Verneda i la Pau,142,10700
2020,10,Sant Martí,73,la Verneda i la Pau,143,12153
2020,10,Sant Martí,65,el Clot,234,15672
2020,10,Sant Martí,69,Diagonal Mar i el Front Marítim del Poblenou,235,13711
2020,10,Sant Martí,69,Diagonal Mar i el Front Marítim del Poblenou,236,14190
2020,10,Sant Martí,71,Provençals del Poblenou,237,12869
