"Any","Trimestre","Codi_Districte","Nom_Districte","Codi_Barri","Nom_Barri","Lloguer_mitja","Preu"
2022,1,1,"Ciutat Vella",1,"el Raval","Lloguer mitjà mensual (Euros/mes)","917.0"
2022,1,1,"Ciutat Vella",2,"el Barri Gòtic","Lloguer mitjà mensual (Euros/mes)","1181.6"
2022,1,1,"Ciutat Vella",3,"la Barceloneta","Lloguer mitjà mensual (Euros/mes)","999.8"
2022,1,1,"Ciutat Vella",4,"Sant Pere, Santa Caterina i la Ribera","Lloguer mitjà mensual (Euros/mes)","1022.8"
2022,1,2,"Eixample",5,"el Fort Pienc","Lloguer mitjà mensual (Euros/mes)","957.9"
2022,1,2,"Eixample",6,"la Sagrada Família","Lloguer mitjà mensual (Euros/mes)","984.3"
2022,1,2,"Eixample",7,"la Dreta de l'Eixample","Lloguer mitjà mensual (Euros/mes)","1294.8"
2022,1,2,"Eixample",8,"l'Antiga Esquerra de l'Eixample","Lloguer mitjà mensual (Euros/mes)","1105.7"
2022,1,2,"Eixample",9,"la Nova Esquerra de l'Eixample","Lloguer mitjà mensual (Euros/mes)","1009.3"
2022,1,2,"Eixample",10,"Sant Antoni","Lloguer mitjà mensual (Euros/mes)","999.9"
2022,1,3,"Sants-Montjuïc",11,"el Poble Sec","Lloguer mitjà mensual (Euros/mes)","846.2"
2022,1,3,"Sants-Montjuïc",12,"la Marina del Prat Vermell","Lloguer mitjà mensual (Euros/mes)","NA"
2022,1,3,"Sants-Montjuïc",13,"la Marina de Port","Lloguer mitjà mensual (Euros/mes)","728.7"
2022,1,3,"Sants-Montjuïc",14,"la Font de la Guatlla","Lloguer mitjà mensual (Euros/mes)","823.9"
2022,1,3,"Sants-Montjuïc",15,"Hostafrancs","Lloguer mitjà mensual (Euros/mes)","835.7"
2022,1,3,"Sants-Montjuïc",16,"la Bordeta","Lloguer mitjà mensual (Euros/mes)","971.8"
2022,1,3,"Sants-Montjuïc",17,"Sants - Badal","Lloguer mitjà mensual (Euros/mes)","805.4"
2022,1,3,"Sants-Montjuïc",18,"Sants","Lloguer mitjà mensual (Euros/mes)","849.4"
2022,1,4,"Les Corts",19,"les Corts","Lloguer mitjà mensual (Euros/mes)","995.0"
2022,1,4,"Les Corts",20,"la Maternitat i Sant Ramon","Lloguer mitjà mensual (Euros/mes)","1018.6"
2022,1,4,"Les Corts",21,"Pedralbes","Lloguer mitjà mensual (Euros/mes)","1649.8"
2022,1,5,"Sarrià-Sant Gervasi",22,"Vallvidrera, el Tibidabo i les Planes","Lloguer mitjà mensual (Euros/mes)","1102.2"
2022,1,5,"Sarrià-Sant Gervasi",23,"Sarrià","Lloguer mitjà mensual (Euros/mes)","1362.6"
2022,1,5,"Sarrià-Sant Gervasi",24,"les Tres Torres","Lloguer mitjà mensual (Euros/mes)","1630.8"
2022,1,5,"Sarrià-Sant Gervasi",25,"Sant Gervasi - la Bonanova","Lloguer mitjà mensual (Euros/mes)","1195.0"
2022,1,5,"Sarrià-Sant Gervasi",26,"Sant Gervasi - Galvany","Lloguer mitjà mensual (Euros/mes)","1341.5"
2022,1,5,"Sarrià-Sant Gervasi",27,"el Putxet i el Farró","Lloguer mitjà mensual (Euros/mes)","1054.9"
2022,1,6,"Gràcia",28,"Vallcarca i els Penitents","Lloguer mitjà mensual (Euros/mes)","947.8"
2022,1,6,"Gràcia",29,"el Coll","Lloguer mitjà mensual (Euros/mes)","809.9"
2022,1,6,"Gràcia",30,"la Salut","Lloguer mitjà mensual (Euros/mes)","874.3"
2022,1,6,"Gràcia",31,"la Vila de Gràcia","Lloguer mitjà mensual (Euros/mes)","986.0"
2022,1,6,"Gràcia",32,"el Camp d'en Grassot i Gràcia Nova","Lloguer mitjà mensual (Euros/mes)","957.9"
2022,1,7,"Horta-Guinardó",33,"el Baix Guinardó","Lloguer mitjà mensual (Euros/mes)","834.7"
2022,1,7,"Horta-Guinardó",34,"Can Baró","Lloguer mitjà mensual (Euros/mes)","737.6"
2022,1,7,"Horta-Guinardó",35,"el Guinardó","Lloguer mitjà mensual (Euros/mes)","801.7"
2022,1,7,"Horta-Guinardó",36,"la Font d'en Fargues","Lloguer mitjà mensual (Euros/mes)","784.7"
2022,1,7,"Horta-Guinardó",37,"el Carmel","Lloguer mitjà mensual (Euros/mes)","671.3"
2022,1,7,"Horta-Guinardó",38,"la Teixonera","Lloguer mitjà mensual (Euros/mes)","723.9"
2022,1,7,"Horta-Guinardó",39,"Sant Genís dels Agudells","Lloguer mitjà mensual (Euros/mes)","706.4"
2022,1,7,"Horta-Guinardó",40,"Montbau","Lloguer mitjà mensual (Euros/mes)","736.1"
2022,1,7,"Horta-Guinardó",41,"la Vall d'Hebron","Lloguer mitjà mensual (Euros/mes)","888.9"
2022,1,7,"Horta-Guinardó",42,"la Clota","Lloguer mitjà mensual (Euros/mes)","NA"
2022,1,7,"Horta-Guinardó",43,"Horta","Lloguer mitjà mensual (Euros/mes)","740.3"
2022,1,8,"Nou Barris",44,"Vilapicina i la Torre Llobeta","Lloguer mitjà mensual (Euros/mes)","767.0"
2022,1,8,"Nou Barris",45,"Porta","Lloguer mitjà mensual (Euros/mes)","718.5"
2022,1,8,"Nou Barris",46,"el Turó de la Peira","Lloguer mitjà mensual (Euros/mes)","662.8"
2022,1,8,"Nou Barris",47,"Can Peguera","Lloguer mitjà mensual (Euros/mes)","NA"
2022,1,8,"Nou Barris",48,"la Guineueta","Lloguer mitjà mensual (Euros/mes)","644.7"
2022,1,8,"Nou Barris",49,"Canyelles","Lloguer mitjà mensual (Euros/mes)","655.0"
2022,1,8,"Nou Barris",50,"les Roquetes","Lloguer mitjà mensual (Euros/mes)","641.2"
2022,1,8,"Nou Barris",51,"Verdun","Lloguer mitjà mensual (Euros/mes)","652.7"
2022,1,8,"Nou Barris",52,"la Prosperitat","Lloguer mitjà mensual (Euros/mes)","687.2"
2022,1,8,"Nou Barris",53,"la Trinitat Nova","Lloguer mitjà mensual (Euros/mes)","591.0"
2022,1,8,"Nou Barris",54,"Torre Baró","Lloguer mitjà mensual (Euros/mes)","NA"
2022,1,8,"Nou Barris",55,"Ciutat Meridiana","Lloguer mitjà mensual (Euros/mes)","517.7"
2022,1,8,"Nou Barris",56,"Vallbona","Lloguer mitjà mensual (Euros/mes)","NA"
2022,1,9,"Sant Andreu",57,"la Trinitat Vella","Lloguer mitjà mensual (Euros/mes)","616.9"
2022,1,9,"Sant Andreu",58,"Baró de Viver","Lloguer mitjà mensual (Euros/mes)","NA"
2022,1,9,"Sant Andreu",59,"el Bon Pastor","Lloguer mitjà mensual (Euros/mes)","702.6"
2022,1,9,"Sant Andreu",60,"Sant Andreu","Lloguer mitjà mensual (Euros/mes)","800.9"
2022,1,9,"Sant Andreu",61,"la Sagrera","Lloguer mitjà mensual (Euros/mes)","751.5"
2022,1,9,"Sant Andreu",62,"el Congrés i els Indians","Lloguer mitjà mensual (Euros/mes)","795.8"
2022,1,9,"Sant Andreu",63,"Navas","Lloguer mitjà mensual (Euros/mes)","847.2"
2022,1,10,"Sant Martí",64,"el Camp de l'Arpa del Clot","Lloguer mitjà mensual (Euros/mes)","841.5"
2022,1,10,"Sant Martí",65,"el Clot","Lloguer mitjà mensual (Euros/mes)","861.2"
2022,1,10,"Sant Martí",66,"el Parc i la Llacuna del Poblenou","Lloguer mitjà mensual (Euros/mes)","1089.2"
2022,1,10,"Sant Martí",67,"la Vila Olímpica del Poblenou","Lloguer mitjà mensual (Euros/mes)","1305.0"
2022,1,10,"Sant Martí",68,"el Poblenou","Lloguer mitjà mensual (Euros/mes)","967.9"
2022,1,10,"Sant Martí",69,"Diagonal Mar i el Front Marítim del Poblenou","Lloguer mitjà mensual (Euros/mes)","964.7"
2022,1,10,"Sant Martí",70,"el Besòs i el Maresme","Lloguer mitjà mensual (Euros/mes)","796.9"
2022,1,10,"Sant Martí",71,"Provençals del Poblenou","Lloguer mitjà mensual (Euros/mes)","939.2"
2022,1,10,"Sant Martí",72,"Sant Martí de Provençals","Lloguer mitjà mensual (Euros/mes)","796.4"
2022,1,10,"Sant Martí",73,"la Verneda i la Pau","Lloguer mitjà mensual (Euros/mes)","733.9"
2022,1,1,"Ciutat Vella",1,"el Raval","Lloguer mitjà per superfície (Euros/m2 mes)","15.5"
2022,1,1,"Ciutat Vella",2,"el Barri Gòtic","Lloguer mitjà per superfície (Euros/m2 mes)","17.2"
2022,1,1,"Ciutat Vella",3,"la Barceloneta","Lloguer mitjà per superfície (Euros/m2 mes)","21.3"
2022,1,1,"Ciutat Vella",4,"Sant Pere, Santa Caterina i la Ribera","Lloguer mitjà per superfície (Euros/m2 mes)","15.3"
2022,1,2,"Eixample",5,"el Fort Pienc","Lloguer mitjà per superfície (Euros/m2 mes)","13.5"
2022,1,2,"Eixample",6,"la Sagrada Família","Lloguer mitjà per superfície (Euros/m2 mes)","15.1"
2022,1,2,"Eixample",7,"la Dreta de l'Eixample","Lloguer mitjà per superfície (Euros/m2 mes)","14.2"
2022,1,2,"Eixample",8,"l'Antiga Esquerra de l'Eixample","Lloguer mitjà per superfície (Euros/m2 mes)","14.3"
2022,1,2,"Eixample",9,"la Nova Esquerra de l'Eixample","Lloguer mitjà per superfície (Euros/m2 mes)","14.1"
2022,1,2,"Eixample",10,"Sant Antoni","Lloguer mitjà per superfície (Euros/m2 mes)","14.4"
2022,1,3,"Sants-Montjuïc",11,"el Poble Sec","Lloguer mitjà per superfície (Euros/m2 mes)","14.7"
2022,1,3,"Sants-Montjuïc",12,"la Marina del Prat Vermell","Lloguer mitjà per superfície (Euros/m2 mes)","NA"
2022,1,3,"Sants-Montjuïc",13,"la Marina de Port","Lloguer mitjà per superfície (Euros/m2 mes)","10.4"
2022,1,3,"Sants-Montjuïc",14,"la Font de la Guatlla","Lloguer mitjà per superfície (Euros/m2 mes)","13.3"
2022,1,3,"Sants-Montjuïc",15,"Hostafrancs","Lloguer mitjà per superfície (Euros/m2 mes)","13.8"
2022,1,3,"Sants-Montjuïc",16,"la Bordeta","Lloguer mitjà per superfície (Euros/m2 mes)","12.3"
2022,1,3,"Sants-Montjuïc",17,"Sants - Badal","Lloguer mitjà per superfície (Euros/m2 mes)","13.3"
2022,1,3,"Sants-Montjuïc",18,"Sants","Lloguer mitjà per superfície (Euros/m2 mes)","13.7"
2022,1,4,"Les Corts",19,"les Corts","Lloguer mitjà per superfície (Euros/m2 mes)","14.3"
2022,1,4,"Les Corts",20,"la Maternitat i Sant Ramon","Lloguer mitjà per superfície (Euros/m2 mes)","14.1"
2022,1,4,"Les Corts",21,"Pedralbes","Lloguer mitjà per superfície (Euros/m2 mes)","14.7"
2022,1,5,"Sarrià-Sant Gervasi",22,"Vallvidrera, el Tibidabo i les Planes","Lloguer mitjà per superfície (Euros/m2 mes)","12.3"
2022,1,5,"Sarrià-Sant Gervasi",23,"Sarrià","Lloguer mitjà per superfície (Euros/m2 mes)","17.5"
2022,1,5,"Sarrià-Sant Gervasi",24,"les Tres Torres","Lloguer mitjà per superfície (Euros/m2 mes)","17.6"
2022,1,5,"Sarrià-Sant Gervasi",25,"Sant Gervasi - la Bonanova","Lloguer mitjà per superfície (Euros/m2 mes)","14.2"
2022,1,5,"Sarrià-Sant Gervasi",26,"Sant Gervasi - Galvany","Lloguer mitjà per superfície (Euros/m2 mes)","14.5"
2022,1,5,"Sarrià-Sant Gervasi",27,"el Putxet i el Farró","Lloguer mitjà per superfície (Euros/m2 mes)","14.8"
2022,1,6,"Gràcia",28,"Vallcarca i els Penitents","Lloguer mitjà per superfície (Euros/m2 mes)","13.6"
2022,1,6,"Gràcia",29,"el Coll","Lloguer mitjà per superfície (Euros/m2 mes)","13.4"
2022,1,6,"Gràcia",30,"la Salut","Lloguer mitjà per superfície (Euros/m2 mes)","13.4"
2022,1,6,"Gràcia",31,"la Vila de Gràcia","Lloguer mitjà per superfície (Euros/m2 mes)","15.4"
2022,1,6,"Gràcia",32,"el Camp d'en Grassot i Gràcia Nova","Lloguer mitjà per superfície (Euros/m2 mes)","14.2"
2022,1,7,"Horta-Guinardó",33,"el Baix Guinardó","Lloguer mitjà per superfície (Euros/m2 mes)","13.0"
2022,1,7,"Horta-Guinardó",34,"Can Baró","Lloguer mitjà per superfície (Euros/m2 mes)","13.2"
2022,1,7,"Horta-Guinardó",35,"el Guinardó","Lloguer mitjà per superfície (Euros/m2 mes)","13.1"
2022,1,7,"Horta-Guinardó",36,"la Font d'en Fargues","Lloguer mitjà per superfície (Euros/m2 mes)","11.7"
2022,1,7,"Horta-Guinardó",37,"el Carmel","Lloguer mitjà per superfície (Euros/m2 mes)","11.8"
2022,1,7,"Horta-Guinardó",38,"la Teixonera","Lloguer mitjà per superfície (Euros/m2 mes)","12.7"
2022,1,7,"Horta-Guinardó",39,"Sant Genís dels Agudells","Lloguer mitjà per superfície (Euros/m2 mes)","10.5"
2022,1,7,"Horta-Guinardó",40,"Montbau","Lloguer mitjà per superfície (Euros/m2 mes)","10.9"
2022,1,7,"Horta-Guinardó",41,"la Vall d'Hebron","Lloguer mitjà per superfície (Euros/m2 mes)","12.5"
2022,1,7,"Horta-Guinardó",42,"la Clota","Lloguer mitjà per superfície (Euros/m2 mes)","NA"
2022,1,7,"Horta-Guinardó",43,"Horta","Lloguer mitjà per superfície (Euros/m2 mes)","11.5"
2022,1,8,"Nou Barris",44,"Vilapicina i la Torre Llobeta","Lloguer mitjà per superfície (Euros/m2 mes)","12.0"
2022,1,8,"Nou Barris",45,"Porta","Lloguer mitjà per superfície (Euros/m2 mes)","12.1"
2022,1,8,"Nou Barris",46,"el Turó de la Peira","Lloguer mitjà per superfície (Euros/m2 mes)","11.5"
2022,1,8,"Nou Barris",47,"Can Peguera","Lloguer mitjà per superfície (Euros/m2 mes)","NA"
2022,1,8,"Nou Barris",48,"la Guineueta","Lloguer mitjà per superfície (Euros/m2 mes)","9.5"
2022,1,8,"Nou Barris",49,"Canyelles","Lloguer mitjà per superfície (Euros/m2 mes)","8.0"
2022,1,8,"Nou Barris",50,"les Roquetes","Lloguer mitjà per superfície (Euros/m2 mes)","11.5"
2022,1,8,"Nou Barris",51,"Verdun","Lloguer mitjà per superfície (Euros/m2 mes)","12.0"
2022,1,8,"Nou Barris",52,"la Prosperitat","Lloguer mitjà per superfície (Euros/m2 mes)","12.1"
2022,1,8,"Nou Barris",53,"la Trinitat Nova","Lloguer mitjà per superfície (Euros/m2 mes)","11.6"
2022,1,8,"Nou Barris",54,"Torre Baró","Lloguer mitjà per superfície (Euros/m2 mes)","NA"
2022,1,8,"Nou Barris",55,"Ciutat Meridiana","Lloguer mitjà per superfície (Euros/m2 mes)","8.7"
2022,1,8,"Nou Barris",56,"Vallbona","Lloguer mitjà per superfície (Euros/m2 mes)","NA"
2022,1,9,"Sant Andreu",57,"la Trinitat Vella","Lloguer mitjà per superfície (Euros/m2 mes)","10.1"
2022,1,9,"Sant Andreu",58,"Baró de Viver","Lloguer mitjà per superfície (Euros/m2 mes)","NA"
2022,1,9,"Sant Andreu",59,"el Bon Pastor","Lloguer mitjà per superfície (Euros/m2 mes)","10.4"
2022,1,9,"Sant Andreu",60,"Sant Andreu","Lloguer mitjà per superfície (Euros/m2 mes)","12.4"
2022,1,9,"Sant Andreu",61,"la Sagrera","Lloguer mitjà per superfície (Euros/m2 mes)","12.2"
2022,1,9,"Sant Andreu",62,"el Congrés i els Indians","Lloguer mitjà per superfície (Euros/m2 mes)","11.7"
2022,1,9,"Sant Andreu",63,"Navas","Lloguer mitjà per superfície (Euros/m2 mes)","12.2"
2022,1,10,"Sant Martí",64,"el Camp de l'Arpa del Clot","Lloguer mitjà per superfície (Euros/m2 mes)","13.4"
2022,1,10,"Sant Martí",65,"el Clot","Lloguer mitjà per superfície (Euros/m2 mes)","12.8"
2022,1,10,"Sant Martí",66,"el Parc i la Llacuna del Poblenou","Lloguer mitjà per superfície (Euros/m2 mes)","15.4"
2022,1,10,"Sant Martí",67,"la Vila Olímpica del Poblenou","Lloguer mitjà per superfície (Euros/m2 mes)","18.1"
2022,1,10,"Sant Martí",68,"el Poblenou","Lloguer mitjà per superfície (Euros/m2 mes)","15.0"
2022,1,10,"Sant Martí",69,"Diagonal Mar i el Front Marítim del Poblenou","Lloguer mitjà per superfície (Euros/m2 mes)","15.0"
2022,1,10,"Sant Martí",70,"el Besòs i el Maresme","Lloguer mitjà per superfície (Euros/m2 mes)","12.0"
2022,1,10,"Sant Martí",71,"Provençals del Poblenou","Lloguer mitjà per superfície (Euros/m2 mes)","13.5"
2022,1,10,"Sant Martí",72,"Sant Martí de Provençals","Lloguer mitjà per superfície (Euros/m2 mes)","11.4"
2022,1,10,"Sant Martí",73,"la Verneda i la Pau","Lloguer mitjà per superfície (Euros/m2 mes)","10.9"
2022,2,1,"Ciutat Vella",1,"el Raval","Lloguer mitjà mensual (Euros/mes)","872.0"
2022,2,1,"Ciutat Vella",2,"el Barri Gòtic","Lloguer mitjà mensual (Euros/mes)","1062.5"
2022,2,1,"Ciutat Vella",3,"la Barceloneta","Lloguer mitjà mensual (Euros/mes)","900.5"
2022,2,1,"Ciutat Vella",4,"Sant Pere, Santa Caterina i la Ribera","Lloguer mitjà mensual (Euros/mes)","1051.4"
2022,2,2,"Eixample",5,"el Fort Pienc","Lloguer mitjà mensual (Euros/mes)","1106.9"
2022,2,2,"Eixample",6,"la Sagrada Família","Lloguer mitjà mensual (Euros/mes)","985.9"
2022,2,2,"Eixample",7,"la Dreta de l'Eixample","Lloguer mitjà mensual (Euros/mes)","1328.6"
2022,2,2,"Eixample",8,"l'Antiga Esquerra de l'Eixample","Lloguer mitjà mensual (Euros/mes)","1174.6"
2022,2,2,"Eixample",9,"la Nova Esquerra de l'Eixample","Lloguer mitjà mensual (Euros/mes)","1012.2"
2022,2,2,"Eixample",10,"Sant Antoni","Lloguer mitjà mensual (Euros/mes)","1004.3"
2022,2,3,"Sants-Montjuïc",11,"el Poble Sec","Lloguer mitjà mensual (Euros/mes)","879.3"
2022,2,3,"Sants-Montjuïc",12,"la Marina del Prat Vermell","Lloguer mitjà mensual (Euros/mes)","1407.9"
2022,2,3,"Sants-Montjuïc",13,"la Marina de Port","Lloguer mitjà mensual (Euros/mes)","638.8"
2022,2,3,"Sants-Montjuïc",14,"la Font de la Guatlla","Lloguer mitjà mensual (Euros/mes)","912.1"
2022,2,3,"Sants-Montjuïc",15,"Hostafrancs","Lloguer mitjà mensual (Euros/mes)","826.2"
2022,2,3,"Sants-Montjuïc",16,"la Bordeta","Lloguer mitjà mensual (Euros/mes)","1025.0"
2022,2,3,"Sants-Montjuïc",17,"Sants - Badal","Lloguer mitjà mensual (Euros/mes)","848.5"
2022,2,3,"Sants-Montjuïc",18,"Sants","Lloguer mitjà mensual (Euros/mes)","885.6"
2022,2,4,"Les Corts",19,"les Corts","Lloguer mitjà mensual (Euros/mes)","1067.8"
2022,2,4,"Les Corts",20,"la Maternitat i Sant Ramon","Lloguer mitjà mensual (Euros/mes)","993.1"
2022,2,4,"Les Corts",21,"Pedralbes","Lloguer mitjà mensual (Euros/mes)","1944.5"
2022,2,5,"Sarrià-Sant Gervasi",22,"Vallvidrera, el Tibidabo i les Planes","Lloguer mitjà mensual (Euros/mes)","894.9"
2022,2,5,"Sarrià-Sant Gervasi",23,"Sarrià","Lloguer mitjà mensual (Euros/mes)","1349.3"
2022,2,5,"Sarrià-Sant Gervasi",24,"les Tres Torres","Lloguer mitjà mensual (Euros/mes)","1767.0"
2022,2,5,"Sarrià-Sant Gervasi",25,"Sant Gervasi - la Bonanova","Lloguer mitjà mensual (Euros/mes)","1369.1"
2022,2,5,"Sarrià-Sant Gervasi",26,"Sant Gervasi - Galvany","Lloguer mitjà mensual (Euros/mes)","1484.5"
2022,2,5,"Sarrià-Sant Gervasi",27,"el Putxet i el Farró","Lloguer mitjà mensual (Euros/mes)","1108.6"
2022,2,6,"Gràcia",28,"Vallcarca i els Penitents","Lloguer mitjà mensual (Euros/mes)","969.3"
2022,2,6,"Gràcia",29,"el Coll","Lloguer mitjà mensual (Euros/mes)","759.2"
2022,2,6,"Gràcia",30,"la Salut","Lloguer mitjà mensual (Euros/mes)","1010.3"
2022,2,6,"Gràcia",31,"la Vila de Gràcia","Lloguer mitjà mensual (Euros/mes)","982.6"
2022,2,6,"Gràcia",32,"el Camp d'en Grassot i Gràcia Nova","Lloguer mitjà mensual (Euros/mes)","977.8"
2022,2,7,"Horta-Guinardó",33,"el Baix Guinardó","Lloguer mitjà mensual (Euros/mes)","903.9"
2022,2,7,"Horta-Guinardó",34,"Can Baró","Lloguer mitjà mensual (Euros/mes)","812.4"
2022,2,7,"Horta-Guinardó",35,"el Guinardó","Lloguer mitjà mensual (Euros/mes)","810.0"
2022,2,7,"Horta-Guinardó",36,"la Font d'en Fargues","Lloguer mitjà mensual (Euros/mes)","840.1"
2022,2,7,"Horta-Guinardó",37,"el Carmel","Lloguer mitjà mensual (Euros/mes)","725.8"
2022,2,7,"Horta-Guinardó",38,"la Teixonera","Lloguer mitjà mensual (Euros/mes)","786.5"
2022,2,7,"Horta-Guinardó",39,"Sant Genís dels Agudells","Lloguer mitjà mensual (Euros/mes)","720.3"
2022,2,7,"Horta-Guinardó",40,"Montbau","Lloguer mitjà mensual (Euros/mes)","750.7"
2022,2,7,"Horta-Guinardó",41,"la Vall d'Hebron","Lloguer mitjà mensual (Euros/mes)","865.3"
2022,2,7,"Horta-Guinardó",42,"la Clota","Lloguer mitjà mensual (Euros/mes)","NA"
2022,2,7,"Horta-Guinardó",43,"Horta","Lloguer mitjà mensual (Euros/mes)","794.2"
2022,2,8,"Nou Barris",44,"Vilapicina i la Torre Llobeta","Lloguer mitjà mensual (Euros/mes)","855.5"
2022,2,8,"Nou Barris",45,"Porta","Lloguer mitjà mensual (Euros/mes)","728.5"
2022,2,8,"Nou Barris",46,"el Turó de la Peira","Lloguer mitjà mensual (Euros/mes)","709.8"
2022,2,8,"Nou Barris",47,"Can Peguera","Lloguer mitjà mensual (Euros/mes)","NA"
2022,2,8,"Nou Barris",48,"la Guineueta","Lloguer mitjà mensual (Euros/mes)","748.8"
2022,2,8,"Nou Barris",49,"Canyelles","Lloguer mitjà mensual (Euros/mes)","851.3"
2022,2,8,"Nou Barris",50,"les Roquetes","Lloguer mitjà mensual (Euros/mes)","632.9"
2022,2,8,"Nou Barris",51,"Verdun","Lloguer mitjà mensual (Euros/mes)","609.0"
2022,2,8,"Nou Barris",52,"la Prosperitat","Lloguer mitjà mensual (Euros/mes)","693.3"
2022,2,8,"Nou Barris",53,"la Trinitat Nova","Lloguer mitjà mensual (Euros/mes)","574.9"
2022,2,8,"Nou Barris",54,"Torre Baró","Lloguer mitjà mensual (Euros/mes)","NA"
2022,2,8,"Nou Barris",55,"Ciutat Meridiana","Lloguer mitjà mensual (Euros/mes)","577.3"
2022,2,8,"Nou Barris",56,"Vallbona","Lloguer mitjà mensual (Euros/mes)","NA"
2022,2,9,"Sant Andreu",57,"la Trinitat Vella","Lloguer mitjà mensual (Euros/mes)","620.0"
2022,2,9,"Sant Andreu",58,"Baró de Viver","Lloguer mitjà mensual (Euros/mes)","NA"
2022,2,9,"Sant Andreu",59,"el Bon Pastor","Lloguer mitjà mensual (Euros/mes)","732.6"
2022,2,9,"Sant Andreu",60,"Sant Andreu","Lloguer mitjà mensual (Euros/mes)","788.2"
2022,2,9,"Sant Andreu",61,"la Sagrera","Lloguer mitjà mensual (Euros/mes)","803.5"
2022,2,9,"Sant Andreu",62,"el Congrés i els Indians","Lloguer mitjà mensual (Euros/mes)","784.3"
2022,2,9,"Sant Andreu",63,"Navas","Lloguer mitjà mensual (Euros/mes)","878.4"
2022,2,10,"Sant Martí",64,"el Camp de l'Arpa del Clot","Lloguer mitjà mensual (Euros/mes)","875.1"
2022,2,10,"Sant Martí",65,"el Clot","Lloguer mitjà mensual (Euros/mes)","884.0"
2022,2,10,"Sant Martí",66,"el Parc i la Llacuna del Poblenou","Lloguer mitjà mensual (Euros/mes)","1173.2"
2022,2,10,"Sant Martí",67,"la Vila Olímpica del Poblenou","Lloguer mitjà mensual (Euros/mes)","1442.6"
2022,2,10,"Sant Martí",68,"el Poblenou","Lloguer mitjà mensual (Euros/mes)","1085.6"
2022,2,10,"Sant Martí",69,"Diagonal Mar i el Front Marítim del Poblenou","Lloguer mitjà mensual (Euros/mes)","1238.7"
2022,2,10,"Sant Martí",70,"el Besòs i el Maresme","Lloguer mitjà mensual (Euros/mes)","779.2"
2022,2,10,"Sant Martí",71,"Provençals del Poblenou","Lloguer mitjà mensual (Euros/mes)","1032.9"
2022,2,10,"Sant Martí",72,"Sant Martí de Provençals","Lloguer mitjà mensual (Euros/mes)","843.0"
2022,2,10,"Sant Martí",73,"la Verneda i la Pau","Lloguer mitjà mensual (Euros/mes)","757.0"
2022,2,1,"Ciutat Vella",1,"el Raval","Lloguer mitjà per superfície (Euros/m2 mes)","14.7"
2022,2,1,"Ciutat Vella",2,"el Barri Gòtic","Lloguer mitjà per superfície (Euros/m2 mes)","14.7"
2022,2,1,"Ciutat Vella",3,"la Barceloneta","Lloguer mitjà per superfície (Euros/m2 mes)","16.6"
2022,2,1,"Ciutat Vella",4,"Sant Pere, Santa Caterina i la Ribera","Lloguer mitjà per superfície (Euros/m2 mes)","15.8"
2022,2,2,"Eixample",5,"el Fort Pienc","Lloguer mitjà per superfície (Euros/m2 mes)","14.2"
2022,2,2,"Eixample",6,"la Sagrada Família","Lloguer mitjà per superfície (Euros/m2 mes)","14.7"
2022,2,2,"Eixample",7,"la Dreta de l'Eixample","Lloguer mitjà per superfície (Euros/m2 mes)","14.4"
2022,2,2,"Eixample",8,"l'Antiga Esquerra de l'Eixample","Lloguer mitjà per superfície (Euros/m2 mes)","14.8"
2022,2,2,"Eixample",9,"la Nova Esquerra de l'Eixample","Lloguer mitjà per superfície (Euros/m2 mes)","14.5"
2022,2,2,"Eixample",10,"Sant Antoni","Lloguer mitjà per superfície (Euros/m2 mes)","13.8"
2022,2,3,"Sants-Montjuïc",11,"el Poble Sec","Lloguer mitjà per superfície (Euros/m2 mes)","15.3"
2022,2,3,"Sants-Montjuïc",12,"la Marina del Prat Vermell","Lloguer mitjà per superfície (Euros/m2 mes)","3.9"
2022,2,3,"Sants-Montjuïc",13,"la Marina de Port","Lloguer mitjà per superfície (Euros/m2 mes)","9.8"
2022,2,3,"Sants-Montjuïc",14,"la Font de la Guatlla","Lloguer mitjà per superfície (Euros/m2 mes)","13.7"
2022,2,3,"Sants-Montjuïc",15,"Hostafrancs","Lloguer mitjà per superfície (Euros/m2 mes)","13.8"
2022,2,3,"Sants-Montjuïc",16,"la Bordeta","Lloguer mitjà per superfície (Euros/m2 mes)","13.4"
2022,2,3,"Sants-Montjuïc",17,"Sants - Badal","Lloguer mitjà per superfície (Euros/m2 mes)","14.0"
2022,2,3,"Sants-Montjuïc",18,"Sants","Lloguer mitjà per superfície (Euros/m2 mes)","13.7"
2022,2,4,"Les Corts",19,"les Corts","Lloguer mitjà per superfície (Euros/m2 mes)","14.8"
2022,2,4,"Les Corts",20,"la Maternitat i Sant Ramon","Lloguer mitjà per superfície (Euros/m2 mes)","14.2"
2022,2,4,"Les Corts",21,"Pedralbes","Lloguer mitjà per superfície (Euros/m2 mes)","14.6"
2022,2,5,"Sarrià-Sant Gervasi",22,"Vallvidrera, el Tibidabo i les Planes","Lloguer mitjà per superfície (Euros/m2 mes)","13.3"
2022,2,5,"Sarrià-Sant Gervasi",23,"Sarrià","Lloguer mitjà per superfície (Euros/m2 mes)","17.5"
2022,2,5,"Sarrià-Sant Gervasi",24,"les Tres Torres","Lloguer mitjà per superfície (Euros/m2 mes)","16.9"
2022,2,5,"Sarrià-Sant Gervasi",25,"Sant Gervasi - la Bonanova","Lloguer mitjà per superfície (Euros/m2 mes)","16.4"
2022,2,5,"Sarrià-Sant Gervasi",26,"Sant Gervasi - Galvany","Lloguer mitjà per superfície (Euros/m2 mes)","15.5"
2022,2,5,"Sarrià-Sant Gervasi",27,"el Putxet i el Farró","Lloguer mitjà per superfície (Euros/m2 mes)","15.7"
2022,2,6,"Gràcia",28,"Vallcarca i els Penitents","Lloguer mitjà per superfície (Euros/m2 mes)","14.2"
2022,2,6,"Gràcia",29,"el Coll","Lloguer mitjà per superfície (Euros/m2 mes)","12.2"
2022,2,6,"Gràcia",30,"la Salut","Lloguer mitjà per superfície (Euros/m2 mes)","14.4"
2022,2,6,"Gràcia",31,"la Vila de Gràcia","Lloguer mitjà per superfície (Euros/m2 mes)","15.4"
2022,2,6,"Gràcia",32,"el Camp d'en Grassot i Gràcia Nova","Lloguer mitjà per superfície (Euros/m2 mes)","14.4"
2022,2,7,"Horta-Guinardó",33,"el Baix Guinardó","Lloguer mitjà per superfície (Euros/m2 mes)","14.1"
2022,2,7,"Horta-Guinardó",34,"Can Baró","Lloguer mitjà per superfície (Euros/m2 mes)","12.9"
2022,2,7,"Horta-Guinardó",35,"el Guinardó","Lloguer mitjà per superfície (Euros/m2 mes)","12.7"
2022,2,7,"Horta-Guinardó",36,"la Font d'en Fargues","Lloguer mitjà per superfície (Euros/m2 mes)","13.2"
2022,2,7,"Horta-Guinardó",37,"el Carmel","Lloguer mitjà per superfície (Euros/m2 mes)","12.6"
2022,2,7,"Horta-Guinardó",38,"la Teixonera","Lloguer mitjà per superfície (Euros/m2 mes)","13.0"
2022,2,7,"Horta-Guinardó",39,"Sant Genís dels Agudells","Lloguer mitjà per superfície (Euros/m2 mes)","10.9"
2022,2,7,"Horta-Guinardó",40,"Montbau","Lloguer mitjà per superfície (Euros/m2 mes)","11.2"
2022,2,7,"Horta-Guinardó",41,"la Vall d'Hebron","Lloguer mitjà per superfície (Euros/m2 mes)","14.0"
2022,2,7,"Horta-Guinardó",42,"la Clota","Lloguer mitjà per superfície (Euros/m2 mes)","NA"
2022,2,7,"Horta-Guinardó",43,"Horta","Lloguer mitjà per superfície (Euros/m2 mes)","12.5"
2022,2,8,"Nou Barris",44,"Vilapicina i la Torre Llobeta","Lloguer mitjà per superfície (Euros/m2 mes)","13.0"
2022,2,8,"Nou Barris",45,"Porta","Lloguer mitjà per superfície (Euros/m2 mes)","11.8"
2022,2,8,"Nou Barris",46,"el Turó de la Peira","Lloguer mitjà per superfície (Euros/m2 mes)","11.5"
2022,2,8,"Nou Barris",47,"Can Peguera","Lloguer mitjà per superfície (Euros/m2 mes)","NA"
2022,2,8,"Nou Barris",48,"la Guineueta","Lloguer mitjà per superfície (Euros/m2 mes)","10.6"
2022,2,8,"Nou Barris",49,"Canyelles","Lloguer mitjà per superfície (Euros/m2 mes)","9.8"
2022,2,8,"Nou Barris",50,"les Roquetes","Lloguer mitjà per superfície (Euros/m2 mes)","12.1"
2022,2,8,"Nou Barris",51,"Verdun","Lloguer mitjà per superfície (Euros/m2 mes)","11.5"
2022,2,8,"Nou Barris",52,"la Prosperitat","Lloguer mitjà per superfície (Euros/m2 mes)","12.1"
2022,2,8,"Nou Barris",53,"la Trinitat Nova","Lloguer mitjà per superfície (Euros/m2 mes)","11.5"
2022,2,8,"Nou Barris",54,"Torre Baró","Lloguer mitjà per superfície (Euros/m2 mes)","NA"
2022,2,8,"Nou Barris",55,"Ciutat Meridiana","Lloguer mitjà per superfície (Euros/m2 mes)","10.3"
2022,2,8,"Nou Barris",56,"Vallbona","Lloguer mitjà per superfície (Euros/m2 mes)","NA"
2022,2,9,"Sant Andreu",57,"la Trinitat Vella","Lloguer mitjà per superfície (Euros/m2 mes)","10.9"
2022,2,9,"Sant Andreu",58,"Baró de Viver","Lloguer mitjà per superfície (Euros/m2 mes)","NA"
2022,2,9,"Sant Andreu",59,"el Bon Pastor","Lloguer mitjà per superfície (Euros/m2 mes)","11.5"
2022,2,9,"Sant Andreu",60,"Sant Andreu","Lloguer mitjà per superfície (Euros/m2 mes)","12.4"
2022,2,9,"Sant Andreu",61,"la Sagrera","Lloguer mitjà per superfície (Euros/m2 mes)","12.6"
2022,2,9,"Sant Andreu",62,"el Congrés i els Indians","Lloguer mitjà per superfície (Euros/m2 mes)","11.8"
2022,2,9,"Sant Andreu",63,"Navas","Lloguer mitjà per superfície (Euros/m2 mes)","12.3"
2022,2,10,"Sant Martí",64,"el Camp de l'Arpa del Clot","Lloguer mitjà per superfície (Euros/m2 mes)","13.9"
2022,2,10,"Sant Martí",65,"el Clot","Lloguer mitjà per superfície (Euros/m2 mes)","13.5"
2022,2,10,"Sant Martí",66,"el Parc i la Llacuna del Poblenou","Lloguer mitjà per superfície (Euros/m2 mes)","15.4"
2022,2,10,"Sant Martí",67,"la Vila Olímpica del Poblenou","Lloguer mitjà per superfície (Euros/m2 mes)","20.7"
2022,2,10,"Sant Martí",68,"el Poblenou","Lloguer mitjà per superfície (Euros/m2 mes)","16.9"
2022,2,10,"Sant Martí",69,"Diagonal Mar i el Front Marítim del Poblenou","Lloguer mitjà per superfície (Euros/m2 mes)","17.5"
2022,2,10,"Sant Martí",70,"el Besòs i el Maresme","Lloguer mitjà per superfície (Euros/m2 mes)","12.2"
2022,2,10,"Sant Martí",71,"Provençals del Poblenou","Lloguer mitjà per superfície (Euros/m2 mes)","14.6"
2022,2,10,"Sant Martí",72,"Sant Martí de Provençals","Lloguer mitjà per superfície (Euros/m2 mes)","11.9"
2022,2,10,"Sant Martí",73,"la Verneda i la Pau","Lloguer mitjà per superfície (Euros/m2 mes)","11.4"
2022,3,1,"Ciutat Vella",1,"el Raval","Lloguer mitjà mensual (Euros/mes)","928.1"
2022,3,1,"Ciutat Vella",2,"el Barri Gòtic","Lloguer mitjà mensual (Euros/mes)","1111.3"
2022,3,1,"Ciutat Vella",3,"la Barceloneta","Lloguer mitjà mensual (Euros/mes)","922.9"
2022,3,1,"Ciutat Vella",4,"Sant Pere, Santa Caterina i la Ribera","Lloguer mitjà mensual (Euros/mes)","1084.9"
2022,3,2,"Eixample",5,"el Fort Pienc","Lloguer mitjà mensual (Euros/mes)","1118.7"
2022,3,2,"Eixample",6,"la Sagrada Família","Lloguer mitjà mensual (Euros/mes)","1038.7"
2022,3,2,"Eixample",7,"la Dreta de l'Eixample","Lloguer mitjà mensual (Euros/mes)","1445.6"
2022,3,2,"Eixample",8,"l'Antiga Esquerra de l'Eixample","Lloguer mitjà mensual (Euros/mes)","1252.2"
2022,3,2,"Eixample",9,"la Nova Esquerra de l'Eixample","Lloguer mitjà mensual (Euros/mes)","1113.9"
2022,3,2,"Eixample",10,"Sant Antoni","Lloguer mitjà mensual (Euros/mes)","1072.2"
2022,3,3,"Sants-Montjuïc",11,"el Poble Sec","Lloguer mitjà mensual (Euros/mes)","888.3"
2022,3,3,"Sants-Montjuïc",12,"la Marina del Prat Vermell","Lloguer mitjà mensual (Euros/mes)","1380.0"
2022,3,3,"Sants-Montjuïc",13,"la Marina de Port","Lloguer mitjà mensual (Euros/mes)","785.9"
2022,3,3,"Sants-Montjuïc",14,"la Font de la Guatlla","Lloguer mitjà mensual (Euros/mes)","971.9"
2022,3,3,"Sants-Montjuïc",15,"Hostafrancs","Lloguer mitjà mensual (Euros/mes)","910.5"
2022,3,3,"Sants-Montjuïc",16,"la Bordeta","Lloguer mitjà mensual (Euros/mes)","1136.7"
2022,3,3,"Sants-Montjuïc",17,"Sants - Badal","Lloguer mitjà mensual (Euros/mes)","930.1"
2022,3,3,"Sants-Montjuïc",18,"Sants","Lloguer mitjà mensual (Euros/mes)","940.3"
2022,3,4,"Les Corts",19,"les Corts","Lloguer mitjà mensual (Euros/mes)","1203.4"
2022,3,4,"Les Corts",20,"la Maternitat i Sant Ramon","Lloguer mitjà mensual (Euros/mes)","1107.2"
2022,3,4,"Les Corts",21,"Pedralbes","Lloguer mitjà mensual (Euros/mes)","1946.1"
2022,3,5,"Sarrià-Sant Gervasi",22,"Vallvidrera, el Tibidabo i les Planes","Lloguer mitjà mensual (Euros/mes)","1364.7"
2022,3,5,"Sarrià-Sant Gervasi",23,"Sarrià","Lloguer mitjà mensual (Euros/mes)","1541.4"
2022,3,5,"Sarrià-Sant Gervasi",24,"les Tres Torres","Lloguer mitjà mensual (Euros/mes)","1990.2"
2022,3,5,"Sarrià-Sant Gervasi",25,"Sant Gervasi - la Bonanova","Lloguer mitjà mensual (Euros/mes)","1473.1"
2022,3,5,"Sarrià-Sant Gervasi",26,"Sant Gervasi - Galvany","Lloguer mitjà mensual (Euros/mes)","1550.1"
2022,3,5,"Sarrià-Sant Gervasi",27,"el Putxet i el Farró","Lloguer mitjà mensual (Euros/mes)","1149.9"
2022,3,6,"Gràcia",28,"Vallcarca i els Penitents","Lloguer mitjà mensual (Euros/mes)","1073.6"
2022,3,6,"Gràcia",29,"el Coll","Lloguer mitjà mensual (Euros/mes)","839.9"
2022,3,6,"Gràcia",30,"la Salut","Lloguer mitjà mensual (Euros/mes)","997.5"
2022,3,6,"Gràcia",31,"la Vila de Gràcia","Lloguer mitjà mensual (Euros/mes)","1043.4"
2022,3,6,"Gràcia",32,"el Camp d'en Grassot i Gràcia Nova","Lloguer mitjà mensual (Euros/mes)","1032.5"
2022,3,7,"Horta-Guinardó",33,"el Baix Guinardó","Lloguer mitjà mensual (Euros/mes)","948.7"
2022,3,7,"Horta-Guinardó",34,"Can Baró","Lloguer mitjà mensual (Euros/mes)","831.9"
2022,3,7,"Horta-Guinardó",35,"el Guinardó","Lloguer mitjà mensual (Euros/mes)","872.6"
2022,3,7,"Horta-Guinardó",36,"la Font d'en Fargues","Lloguer mitjà mensual (Euros/mes)","880.3"
2022,3,7,"Horta-Guinardó",37,"el Carmel","Lloguer mitjà mensual (Euros/mes)","753.2"
2022,3,7,"Horta-Guinardó",38,"la Teixonera","Lloguer mitjà mensual (Euros/mes)","810.5"
2022,3,7,"Horta-Guinardó",39,"Sant Genís dels Agudells","Lloguer mitjà mensual (Euros/mes)","759.0"
2022,3,7,"Horta-Guinardó",40,"Montbau","Lloguer mitjà mensual (Euros/mes)","853.5"
2022,3,7,"Horta-Guinardó",41,"la Vall d'Hebron","Lloguer mitjà mensual (Euros/mes)","907.3"
2022,3,7,"Horta-Guinardó",42,"la Clota","Lloguer mitjà mensual (Euros/mes)","NA"
2022,3,7,"Horta-Guinardó",43,"Horta","Lloguer mitjà mensual (Euros/mes)","814.1"
2022,3,8,"Nou Barris",44,"Vilapicina i la Torre Llobeta","Lloguer mitjà mensual (Euros/mes)","838.6"
2022,3,8,"Nou Barris",45,"Porta","Lloguer mitjà mensual (Euros/mes)","765.7"
2022,3,8,"Nou Barris",46,"el Turó de la Peira","Lloguer mitjà mensual (Euros/mes)","760.5"
2022,3,8,"Nou Barris",47,"Can Peguera","Lloguer mitjà mensual (Euros/mes)","NA"
2022,3,8,"Nou Barris",48,"la Guineueta","Lloguer mitjà mensual (Euros/mes)","816.0"
2022,3,8,"Nou Barris",49,"Canyelles","Lloguer mitjà mensual (Euros/mes)","NA"
2022,3,8,"Nou Barris",50,"les Roquetes","Lloguer mitjà mensual (Euros/mes)","676.1"
2022,3,8,"Nou Barris",51,"Verdun","Lloguer mitjà mensual (Euros/mes)","660.1"
2022,3,8,"Nou Barris",52,"la Prosperitat","Lloguer mitjà mensual (Euros/mes)","731.3"
2022,3,8,"Nou Barris",53,"la Trinitat Nova","Lloguer mitjà mensual (Euros/mes)","661.4"
2022,3,8,"Nou Barris",54,"Torre Baró","Lloguer mitjà mensual (Euros/mes)","552.7"
2022,3,8,"Nou Barris",55,"Ciutat Meridiana","Lloguer mitjà mensual (Euros/mes)","575.3"
2022,3,8,"Nou Barris",56,"Vallbona","Lloguer mitjà mensual (Euros/mes)","NA"
2022,3,9,"Sant Andreu",57,"la Trinitat Vella","Lloguer mitjà mensual (Euros/mes)","668.0"
2022,3,9,"Sant Andreu",58,"Baró de Viver","Lloguer mitjà mensual (Euros/mes)","NA"
2022,3,9,"Sant Andreu",59,"el Bon Pastor","Lloguer mitjà mensual (Euros/mes)","776.8"
2022,3,9,"Sant Andreu",60,"Sant Andreu","Lloguer mitjà mensual (Euros/mes)","855.6"
2022,3,9,"Sant Andreu",61,"la Sagrera","Lloguer mitjà mensual (Euros/mes)","850.7"
2022,3,9,"Sant Andreu",62,"el Congrés i els Indians","Lloguer mitjà mensual (Euros/mes)","869.1"
2022,3,9,"Sant Andreu",63,"Navas","Lloguer mitjà mensual (Euros/mes)","890.0"
2022,3,10,"Sant Martí",64,"el Camp de l'Arpa del Clot","Lloguer mitjà mensual (Euros/mes)","916.3"
2022,3,10,"Sant Martí",65,"el Clot","Lloguer mitjà mensual (Euros/mes)","936.4"
2022,3,10,"Sant Martí",66,"el Parc i la Llacuna del Poblenou","Lloguer mitjà mensual (Euros/mes)","1169.3"
2022,3,10,"Sant Martí",67,"la Vila Olímpica del Poblenou","Lloguer mitjà mensual (Euros/mes)","1499.5"
2022,3,10,"Sant Martí",68,"el Poblenou","Lloguer mitjà mensual (Euros/mes)","1104.2"
2022,3,10,"Sant Martí",69,"Diagonal Mar i el Front Marítim del Poblenou","Lloguer mitjà mensual (Euros/mes)","1354.9"
2022,3,10,"Sant Martí",70,"el Besòs i el Maresme","Lloguer mitjà mensual (Euros/mes)","761.4"
2022,3,10,"Sant Martí",71,"Provençals del Poblenou","Lloguer mitjà mensual (Euros/mes)","1059.4"
2022,3,10,"Sant Martí",72,"Sant Martí de Provençals","Lloguer mitjà mensual (Euros/mes)","1158.9"
2022,3,10,"Sant Martí",73,"la Verneda i la Pau","Lloguer mitjà mensual (Euros/mes)","775.8"
2022,3,1,"Ciutat Vella",1,"el Raval","Lloguer mitjà per superfície (Euros/m2 mes)","15.4"
2022,3,1,"Ciutat Vella",2,"el Barri Gòtic","Lloguer mitjà per superfície (Euros/m2 mes)","15.8"
2022,3,1,"Ciutat Vella",3,"la Barceloneta","Lloguer mitjà per superfície (Euros/m2 mes)","17.6"
2022,3,1,"Ciutat Vella",4,"Sant Pere, Santa Caterina i la Ribera","Lloguer mitjà per superfície (Euros/m2 mes)","17.0"
2022,3,2,"Eixample",5,"el Fort Pienc","Lloguer mitjà per superfície (Euros/m2 mes)","15.0"
2022,3,2,"Eixample",6,"la Sagrada Família","Lloguer mitjà per superfície (Euros/m2 mes)","15.4"
2022,3,2,"Eixample",7,"la Dreta de l'Eixample","Lloguer mitjà per superfície (Euros/m2 mes)","15.0"
2022,3,2,"Eixample",8,"l'Antiga Esquerra de l'Eixample","Lloguer mitjà per superfície (Euros/m2 mes)","15.7"
2022,3,2,"Eixample",9,"la Nova Esquerra de l'Eixample","Lloguer mitjà per superfície (Euros/m2 mes)","15.5"
2022,3,2,"Eixample",10,"Sant Antoni","Lloguer mitjà per superfície (Euros/m2 mes)","14.5"
2022,3,3,"Sants-Montjuïc",11,"el Poble Sec","Lloguer mitjà per superfície (Euros/m2 mes)","15.2"
2022,3,3,"Sants-Montjuïc",12,"la Marina del Prat Vermell","Lloguer mitjà per superfície (Euros/m2 mes)","13.8"
2022,3,3,"Sants-Montjuïc",13,"la Marina de Port","Lloguer mitjà per superfície (Euros/m2 mes)","11.1"
2022,3,3,"Sants-Montjuïc",14,"la Font de la Guatlla","Lloguer mitjà per superfície (Euros/m2 mes)","14.3"
2022,3,3,"Sants-Montjuïc",15,"Hostafrancs","Lloguer mitjà per superfície (Euros/m2 mes)","14.6"
2022,3,3,"Sants-Montjuïc",16,"la Bordeta","Lloguer mitjà per superfície (Euros/m2 mes)","13.8"
2022,3,3,"Sants-Montjuïc",17,"Sants - Badal","Lloguer mitjà per superfície (Euros/m2 mes)","14.9"
2022,3,3,"Sants-Montjuïc",18,"Sants","Lloguer mitjà per superfície (Euros/m2 mes)","14.5"
2022,3,4,"Les Corts",19,"les Corts","Lloguer mitjà per superfície (Euros/m2 mes)","15.9"
2022,3,4,"Les Corts",20,"la Maternitat i Sant Ramon","Lloguer mitjà per superfície (Euros/m2 mes)","14.9"
2022,3,4,"Les Corts",21,"Pedralbes","Lloguer mitjà per superfície (Euros/m2 mes)","16.3"
2022,3,5,"Sarrià-Sant Gervasi",22,"Vallvidrera, el Tibidabo i les Planes","Lloguer mitjà per superfície (Euros/m2 mes)","14.5"
2022,3,5,"Sarrià-Sant Gervasi",23,"Sarrià","Lloguer mitjà per superfície (Euros/m2 mes)","18.7"
2022,3,5,"Sarrià-Sant Gervasi",24,"les Tres Torres","Lloguer mitjà per superfície (Euros/m2 mes)","19.2"
2022,3,5,"Sarrià-Sant Gervasi",25,"Sant Gervasi - la Bonanova","Lloguer mitjà per superfície (Euros/m2 mes)","16.4"
2022,3,5,"Sarrià-Sant Gervasi",26,"Sant Gervasi - Galvany","Lloguer mitjà per superfície (Euros/m2 mes)","16.4"
2022,3,5,"Sarrià-Sant Gervasi",27,"el Putxet i el Farró","Lloguer mitjà per superfície (Euros/m2 mes)","16.3"
2022,3,6,"Gràcia",28,"Vallcarca i els Penitents","Lloguer mitjà per superfície (Euros/m2 mes)","15.4"
2022,3,6,"Gràcia",29,"el Coll","Lloguer mitjà per superfície (Euros/m2 mes)","12.8"
2022,3,6,"Gràcia",30,"la Salut","Lloguer mitjà per superfície (Euros/m2 mes)","13.4"
2022,3,6,"Gràcia",31,"la Vila de Gràcia","Lloguer mitjà per superfície (Euros/m2 mes)","16.1"
2022,3,6,"Gràcia",32,"el Camp d'en Grassot i Gràcia Nova","Lloguer mitjà per superfície (Euros/m2 mes)","15.7"
2022,3,7,"Horta-Guinardó",33,"el Baix Guinardó","Lloguer mitjà per superfície (Euros/m2 mes)","14.7"
2022,3,7,"Horta-Guinardó",34,"Can Baró","Lloguer mitjà per superfície (Euros/m2 mes)","13.9"
2022,3,7,"Horta-Guinardó",35,"el Guinardó","Lloguer mitjà per superfície (Euros/m2 mes)","13.7"
2022,3,7,"Horta-Guinardó",36,"la Font d'en Fargues","Lloguer mitjà per superfície (Euros/m2 mes)","13.8"
2022,3,7,"Horta-Guinardó",37,"el Carmel","Lloguer mitjà per superfície (Euros/m2 mes)","13.4"
2022,3,7,"Horta-Guinardó",38,"la Teixonera","Lloguer mitjà per superfície (Euros/m2 mes)","13.0"
2022,3,7,"Horta-Guinardó",39,"Sant Genís dels Agudells","Lloguer mitjà per superfície (Euros/m2 mes)","10.9"
2022,3,7,"Horta-Guinardó",40,"Montbau","Lloguer mitjà per superfície (Euros/m2 mes)","12.8"
2022,3,7,"Horta-Guinardó",41,"la Vall d'Hebron","Lloguer mitjà per superfície (Euros/m2 mes)","14.1"
2022,3,7,"Horta-Guinardó",42,"la Clota","Lloguer mitjà per superfície (Euros/m2 mes)","NA"
2022,3,7,"Horta-Guinardó",43,"Horta","Lloguer mitjà per superfície (Euros/m2 mes)","12.7"
2022,3,8,"Nou Barris",44,"Vilapicina i la Torre Llobeta","Lloguer mitjà per superfície (Euros/m2 mes)","12.7"
2022,3,8,"Nou Barris",45,"Porta","Lloguer mitjà per superfície (Euros/m2 mes)","12.1"
2022,3,8,"Nou Barris",46,"el Turó de la Peira","Lloguer mitjà per superfície (Euros/m2 mes)","12.4"
2022,3,8,"Nou Barris",47,"Can Peguera","Lloguer mitjà per superfície (Euros/m2 mes)","NA"
2022,3,8,"Nou Barris",48,"la Guineueta","Lloguer mitjà per superfície (Euros/m2 mes)","11.8"
2022,3,8,"Nou Barris",49,"Canyelles","Lloguer mitjà per superfície (Euros/m2 mes)","NA"
2022,3,8,"Nou Barris",50,"les Roquetes","Lloguer mitjà per superfície (Euros/m2 mes)","12.5"
2022,3,8,"Nou Barris",51,"Verdun","Lloguer mitjà per superfície (Euros/m2 mes)","12.2"
2022,3,8,"Nou Barris",52,"la Prosperitat","Lloguer mitjà per superfície (Euros/m2 mes)","12.8"
2022,3,8,"Nou Barris",53,"la Trinitat Nova","Lloguer mitjà per superfície (Euros/m2 mes)","13.6"
2022,3,8,"Nou Barris",54,"Torre Baró","Lloguer mitjà per superfície (Euros/m2 mes)","10.0"
2022,3,8,"Nou Barris",55,"Ciutat Meridiana","Lloguer mitjà per superfície (Euros/m2 mes)","9.7"
2022,3,8,"Nou Barris",56,"Vallbona","Lloguer mitjà per superfície (Euros/m2 mes)","NA"
2022,3,9,"Sant Andreu",57,"la Trinitat Vella","Lloguer mitjà per superfície (Euros/m2 mes)","11.5"
2022,3,9,"Sant Andreu",58,"Baró de Viver","Lloguer mitjà per superfície (Euros/m2 mes)","NA"
2022,3,9,"Sant Andreu",59,"el Bon Pastor","Lloguer mitjà per superfície (Euros/m2 mes)","11.7"
2022,3,9,"Sant Andreu",60,"Sant Andreu","Lloguer mitjà per superfície (Euros/m2 mes)","12.9"
2022,3,9,"Sant Andreu",61,"la Sagrera","Lloguer mitjà per superfície (Euros/m2 mes)","13.4"
2022,3,9,"Sant Andreu",62,"el Congrés i els Indians","Lloguer mitjà per superfície (Euros/m2 mes)","12.9"
2022,3,9,"Sant Andreu",63,"Navas","Lloguer mitjà per superfície (Euros/m2 mes)","12.8"
2022,3,10,"Sant Martí",64,"el Camp de l'Arpa del Clot","Lloguer mitjà per superfície (Euros/m2 mes)","14.6"
2022,3,10,"Sant Martí",65,"el Clot","Lloguer mitjà per superfície (Euros/m2 mes)","14.1"
2022,3,10,"Sant Martí",66,"el Parc i la Llacuna del Poblenou","Lloguer mitjà per superfície (Euros/m2 mes)","15.9"
2022,3,10,"Sant Martí",67,"la Vila Olímpica del Poblenou","Lloguer mitjà per superfície (Euros/m2 mes)","20.0"
2022,3,10,"Sant Martí",68,"el Poblenou","Lloguer mitjà per superfície (Euros/m2 mes)","16.9"
2022,3,10,"Sant Martí",69,"Diagonal Mar i el Front Marítim del Poblenou","Lloguer mitjà per superfície (Euros/m2 mes)","17.6"
2022,3,10,"Sant Martí",70,"el Besòs i el Maresme","Lloguer mitjà per superfície (Euros/m2 mes)","12.4"
2022,3,10,"Sant Martí",71,"Provençals del Poblenou","Lloguer mitjà per superfície (Euros/m2 mes)","14.8"
2022,3,10,"Sant Martí",72,"Sant Martí de Provençals","Lloguer mitjà per superfície (Euros/m2 mes)","12.3"
2022,3,10,"Sant Martí",73,"la Verneda i la Pau","Lloguer mitjà per superfície (Euros/m2 mes)","11.5"
